index,Date,ASM_Domestic,ASM_International,Flights_Domestic,Flights_International,Passengers_Domestic,Passengers_International,RPM_Domestic,RPM_International,Airline_Code,Airport_Code
0,01/10/2002,59854,,774,,60464,59,38363,,FA,FKT
1,01/11/2002,55009,,733,,57649,,36286,,FA,FKT
2,01/12/2002,56586,,745,,66240,,41907,,FA,FKT
3,01/01/2003,57448,,754,,55317,4,35118,,FA,FKT
4,01/02/2003,54006,,674,,53216,65,33724,,FA,FKT
5,01/03/2003,61306,,755,,62656,68,39839,,FA,FKT
6,01/04/2003,59205,,739,,60998,98,38776,,FA,FKT
7,01/05/2003,60778,,750,,66503,191,42659,,FA,FKT
8,01/06/2003,58660,,749,,71537,153,45628,,FA,FKT
9,01/07/2003,58967,,769,,72092,270,46152,,FA,FKT
10,01/08/2003,59835,,758,,64000,104,41162,,FA,FKT
11,01/09/2003,58603,,743,,55447,58,35554,,FA,FKT
12,01/10/2003,61480,,773,,62865,58,40381,,FA,FKT
13,01/11/2003,54231,,656,,50931,141,34286,,FA,FKT
14,01/12/2003,56589,,687,,56330,183,37553,,FA,FKT
15,01/01/2004,56186,,690,,50075,61,33625,,FA,FKT
16,01/02/2004,50340,,621,,47066,35,31355,,FA,FKT
17,01/03/2004,56737,,701,,57356,36,38286,,FA,FKT
18,01/04/2004,56421,,687,,57307,43,38421,,FA,FKT
19,01/05/2004,57392,,683,,59912,,40018,,FA,FKT
20,01/06/2004,55382,,651,,59962,,40070,,FA,FKT
21,01/07/2004,54610,,641,,58393,,39071,,FA,FKT
22,01/08/2004,53930,,630,,51419,,34625,,FA,FKT
23,01/09/2004,49847,,574,,47245,,32005,,FA,FKT
24,01/10/2004,54755,,633,,56010,,37756,,FA,FKT
25,01/11/2004,53410,,618,,53956,,36278,,FA,FKT
26,01/12/2004,55263,,640,,60175,,40453,,FA,FKT
27,01/01/2005,51011,,592,,46815,,31525,,FA,FKT
28,01/02/2005,47408,,548,,47022,,31421,,FA,FKT
29,01/03/2005,54469,,619,,58225,,38784,,FA,FKT
30,01/04/2005,56520,,620,,56697,146,38066,,FA,FKT
31,01/05/2005,60153,,650,,60327,160,40416,,FA,FKT
32,01/06/2005,65703,,699,,69660,256,47284,,FA,FKT
33,01/07/2005,68125,,722,,71360,341,48682,,FA,FKT
34,01/08/2005,67223,,711,,61817,234,42603,,FA,FKT
35,01/09/2005,64583,,680,,62012,118,42467,,FA,FKT
36,01/10/2005,63408,,668,,66786,178,45712,,FA,FKT
37,01/11/2005,61262,,644,,67391,48,46252,,FA,FKT
38,01/12/2005,61800,,650,,70801,73,48229,,FA,FKT
39,01/01/2006,62079,,655,,57655,35,39429,,FA,FKT
40,01/02/2006,55361,,584,,56441,47,38536,,FA,FKT
41,01/03/2006,62742,,661,,69593,74,47338,,FA,FKT
42,01/04/2006,66036,,696,,74414,87,50720,,FA,FKT
43,01/05/2006,68562,,722,,78972,212,54139,,FA,FKT
44,01/06/2006,67165,,708,,79307,264,54173,,FA,FKT
45,01/07/2006,67248,,710,,76982,361,52706,,FA,FKT
46,01/08/2006,68005,,716,,65043,169,44676,,FA,FKT
47,01/09/2006,62392,,655,,58299,102,39941,,FA,FKT
48,01/10/2006,65455,,687,,65844,131,44926,,FA,FKT
49,01/11/2006,61786,,649,,64960,142,44509,,FA,FKT
50,01/12/2006,63029,,661,,68272,127,46582,,FA,FKT
51,01/01/2007,63259,,664,,60206,118,41131,,FA,FKT
52,01/02/2007,55289,,579,,57392,42,39295,,FA,FKT
53,01/03/2007,63802,,668,,71184,80,48484,,FA,FKT
54,01/04/2007,64960,,676,,69967,35,48008,,FA,FKT
55,01/05/2007,68074,,709,,73728,9,50339,,FA,FKT
56,01/06/2007,65374,,678,,76072,38,52026,,FA,FKT
57,01/07/2007,67771,107,703,1,77005,12,52592,88,FA,FKT
58,01/08/2007,68779,,711,,74170,20,50930,,FA,FKT
59,01/09/2007,64457,,668,,64897,34,44276,,FA,FKT
60,01/10/2007,68466,,707,,71648,56,48898,,FA,FKT
61,01/11/2007,64764,,669,,67568,33,46242,,FA,FKT
62,01/12/2007,66857,,687,,66547,31,45862,,FA,FKT
63,01/01/2008,64953,,669,,57092,7,39242,,FA,FKT
64,01/02/2008,60901,,626,,59175,22,40633,,FA,FKT
65,01/03/2008,64161,,661,,69906,32,48187,,FA,FKT
66,01/04/2008,62835,,645,,63995,161,43962,,FA,FKT
67,01/05/2008,67912,,697,,68133,162,46738,,FA,FKT
68,01/06/2008,66335,,683,,68780,224,47099,,FA,FKT
69,01/07/2008,69194,,710,,69416,267,47691,,FA,FKT
70,01/08/2008,67369,107,692,1,61618,235,42427,60,FA,FKT
71,01/09/2008,65978,,681,,52321,49,35867,,FA,FKT
72,01/10/2008,68695,,708,,59440,30,40489,,FA,FKT
73,01/11/2008,53060,,555,,47032,75,31827,,FA,FKT
74,01/12/2008,54601,,570,,54271,67,36446,,FA,FKT
75,01/01/2009,52903,,554,,44906,51,30282,,FA,FKT
76,01/02/2009,48424,,508,,44844,71,30114,,FA,FKT
77,01/03/2009,54011,,565,,57072,82,38188,,FA,FKT
78,01/04/2009,54179,,567,,61197,56,41005,,FA,FKT
79,01/05/2009,56863,,595,,61885,58,41313,,FA,FKT
80,01/06/2009,53875,,565,,67300,73,45028,,FA,FKT
81,01/07/2009,55769,,586,,64983,157,43628,,FA,FKT
82,01/08/2009,54669,,572,,55009,144,37216,,FA,FKT
83,01/09/2009,51560,,536,,48954,145,33222,,FA,FKT
84,01/10/2009,53947,,560,,55022,134,37390,,FA,FKT
85,01/11/2009,49746,,518,,47385,110,32034,,FA,FKT
86,01/12/2009,48657,,508,,51512,54,34627,,FA,FKT
87,01/01/2010,48024,,503,,47152,22,31864,,FA,FKT
88,01/02/2010,43257,,454,,43117,42,29000,,FA,FKT
89,01/03/2010,50680,,531,,56901,29,38187,,FA,FKT
90,01/04/2010,41749,107,427,1,45132,51,31091,97,FA,FKT
91,01/05/2010,40388,,412,,45812,84,31582,,FA,FKT
92,01/06/2010,39908,,404,,42620,213,29637,,FA,FKT
93,01/07/2010,40742,,412,,46368,330,32299,,FA,FKT
94,01/08/2010,41556,,418,,40127,118,28017,,FA,FKT
95,01/09/2010,40497,,404,,38854,138,27119,,FA,FKT
96,01/10/2010,42193,,421,,46181,109,32086,,FA,FKT
97,01/11/2010,41164,,412,,40992,79,28470,,FA,FKT
98,01/12/2010,43951,,438,,45964,129,31807,,FA,FKT
99,01/01/2011,41915,,418,,35995,32,25309,,FA,FKT
100,01/02/2011,37782,,378,,34060,24,23596,,FA,FKT
101,01/03/2011,43670,,435,,39901,29,27775,,FA,FKT
102,01/04/2011,42582,,425,,42252,444,29500,,FA,FKT
103,01/05/2011,42193,,422,,44746,403,31167,,FA,FKT
104,01/06/2011,44031,,434,,49199,209,34048,,FA,FKT
105,01/07/2011,44486,,439,,50551,65,34667,,FA,FKT
106,01/08/2011,44135,,436,,41232,189,28654,,FA,FKT
107,01/09/2011,42495,,426,,40082,201,27630,,FA,FKT
108,01/10/2011,44227,,443,,46420,190,31943,,FA,FKT
109,01/11/2011,41991,,418,,43833,218,30068,,FA,FKT
110,01/12/2011,45311,,449,,47597,222,32240,,FA,FKT
111,01/01/2012,47536,,474,,39279,50,26826,,FA,FKT
112,01/02/2012,41712,,414,,34833,109,23828,,FA,FKT
113,01/03/2012,47784,,470,,45290,237,31160,,FA,FKT
114,01/04/2012,38000,,378,,36496,60,25327,,FA,FKT
115,01/05/2012,40870,,406,,41541,74,28759,,FA,FKT
116,01/06/2012,39626,,394,,40313,188,27842,,FA,FKT
117,01/07/2012,38715,,385,,39204,298,27209,,FA,FKT
118,01/08/2012,37161,,369,,34557,216,24278,,FA,FKT
119,01/09/2012,35344,,352,,29218,110,20444,,FA,FKT
120,01/10/2012,38684,,385,,37039,97,25786,,FA,FKT
121,01/11/2012,38877,,387,,36367,85,25265,,FA,FKT
122,01/12/2012,41483,,414,,41561,,28488,,FA,FKT
123,01/01/2013,42387,,426,,34681,,24128,,FA,FKT
124,01/02/2013,38150,,385,,33428,,22927,,FA,FKT
125,01/03/2013,42564,,432,,40483,,27744,,FA,FKT
126,01/04/2013,36929,,384,,36335,,25185,,FA,FKT
127,01/05/2013,37555,,393,,41227,,28199,,FA,FKT
128,01/06/2013,37077,,388,,42449,142,29235,,FA,FKT
129,01/07/2013,39514,,408,,41420,212,28963,,FA,FKT
130,01/08/2013,38453,,398,,35129,120,24432,,FA,FKT
131,01/09/2013,35174,,365,,31665,,22067,,FA,FKT
132,01/10/2013,37415,,387,,42063,,29357,,FA,FKT
133,01/11/2013,35374,,366,,36082,,25022,,FA,FKT
134,01/12/2013,35386,,368,,40889,,27830,,FA,FKT
135,01/01/2014,38586,,400,,36528,,25348,,FA,FKT
136,01/02/2014,32939,,341,,37977,,26260,,FA,FKT
137,01/03/2014,39151,,406,,45699,,31551,,FA,FKT
138,01/04/2014,38317,,397,,45052,,31344,,FA,FKT
139,01/05/2014,38130,,395,,51104,,35199,,FA,FKT
140,01/06/2014,38195,,399,,50156,,34569,,FA,FKT
141,01/07/2014,39011,,411,,49595,,34223,,FA,FKT
142,01/08/2014,36188,,380,,43880,,30671,,FA,FKT
143,01/09/2014,33972,,352,,39408,,27966,,FA,FKT
144,01/10/2014,34592,,360,,41631,,29519,,FA,FKT
145,01/11/2014,33700,,360,,39628,,27943,,FA,FKT
146,01/12/2014,36682,,389,,42697,,30005,,FA,FKT
147,01/01/2015,36459,,396,,40162,,28042,,FA,FKT
148,01/02/2015,31150,,339,,34902,,24384,,FA,FKT
149,01/03/2015,58303,,476,,50790,,45511,,FA,FKT
150,01/04/2015,59041,,465,,52245,,47842,,FA,FKT
151,01/05/2015,57560,,461,,54770,,48291,,FA,FKT
152,01/06/2015,58795,,479,,59954,16,53764,,FA,FKT
153,01/07/2015,118893,,1040,,142974,32,112338,,FA,FKT
154,01/08/2015,110300,,978,,128972,37,97669,,FA,FKT
155,01/09/2015,100630,,912,,121215,63,87525,,FA,FKT
156,01/10/2015,108766,,968,,129563,46,98774,,FA,FKT
157,01/11/2015,104448,,927,,122524,122,93355,,FA,FKT
158,01/12/2015,104262,,922,,124347,145,95897,,FA,FKT
159,01/01/2016,90239,,815,,105835,65,81073,,FA,FKT
160,01/02/2016,81977,,792,,87860,38,70421,,FA,FKT
161,01/03/2016,88853,,858,,98310,83,77773,,FA,FKT
162,01/04/2016,88782,,844,,104517,283,81573,,FA,FKT
163,01/05/2016,110759,,1082,,144985,282,105595,,FA,FKT
164,01/06/2016,103866,,1005,,127941,255,98451,,FA,FKT
165,01/07/2016,108980,,1048,,127795,150,101562,,FA,FKT
166,01/08/2016,107707,,1056,,112763,130,91377,,FA,FKT
167,01/09/2016,106585,,1053,,118802,171,91677,,FA,FKT
168,01/10/2016,118251,,1138,,131622,194,102655,,FA,FKT
169,01/11/2016,109399,,1077,,115485,51,90406,,FA,FKT
170,01/12/2016,113250,,1082,,119060,54,93736,,FA,FKT
171,01/01/2017,112822,,1084,,106483,,85825,,FA,FKT
172,01/02/2017,107408,,1031,,105617,,83535,,FA,FKT
173,01/03/2017,126094,,1194,,131823,,105153,,FA,FKT
174,01/10/2002,2093602,887184,16535,1357,2120947,176671,1527419,597313,GA,FKT
175,01/11/2002,1999098,823130,15658,1301,1993739,172111,1434927,566487,GA,FKT
176,01/12/2002,2057104,783201,16038,1298,2159529,183952,1615439,579713,GA,FKT
177,01/01/2003,2068740,780766,16316,1301,1880538,169462,1409105,536961,GA,FKT
178,01/02/2003,1798127,633201,14080,1104,1776826,143114,1307159,431583,GA,FKT
179,01/03/2003,2021094,747995,15890,1250,2075385,165644,1520997,535741,GA,FKT
180,01/04/2003,1900306,725658,14675,1210,1898353,159452,1404156,497104,GA,FKT
181,01/05/2003,1952156,701256,15383,1180,2008588,175694,1518488,564532,GA,FKT
182,01/06/2003,2004486,734015,15677,1237,2120757,202051,1651085,636078,GA,FKT
183,01/07/2003,2055686,797592,15926,1306,2196106,203743,1740328,637971,GA,FKT
184,01/08/2003,2124666,818038,16347,1369,2133540,204476,1717332,652217,GA,FKT
185,01/09/2003,2034915,773789,15846,1295,1803820,169384,1411215,589098,GA,FKT
186,01/10/2003,2114708,775761,16688,1298,2100875,178709,1604412,575989,GA,FKT
187,01/11/2003,2038504,727172,15895,1233,1943096,174495,1505121,563673,GA,FKT
188,01/12/2003,2134769,757977,16645,1323,2038304,196546,1641379,618522,GA,FKT
189,01/01/2004,2159176,730456,16872,1287,1854578,173115,1486135,545226,GA,FKT
190,01/02/2004,2039448,671491,16176,1173,1889992,154015,1453585,467169,GA,FKT
191,01/03/2004,2263289,721169,17818,1251,2202753,191400,1726662,604580,GA,FKT
192,01/04/2004,2178725,793941,17204,1327,2109863,193399,1643700,619759,GA,FKT
193,01/05/2004,2247707,862927,17675,1417,2158365,216217,1700687,714821,GA,FKT
194,01/06/2004,2227212,877810,17409,1425,2267306,239187,1851878,778582,GA,FKT
195,01/07/2004,2297263,907501,17841,1474,2340447,237825,1958342,747219,GA,FKT
196,01/08/2004,2297674,898458,17867,1464,2162914,217865,1802321,695836,GA,FKT
197,01/09/2004,2118043,849621,16319,1366,1764264,191700,1459701,661112,GA,FKT
198,01/10/2004,2232453,795376,17757,1330,2148841,189056,1683544,609230,GA,FKT
199,01/11/2004,2156718,764234,16992,1275,2077357,185443,1640302,588163,GA,FKT
200,01/12/2004,2244714,869869,17475,1456,2137044,221837,1744602,700321,GA,FKT
201,01/01/2005,2158223,859518,16583,1454,1944858,203907,1596318,642591,GA,FKT
202,01/02/2005,2235216,751138,17417,1313,1967886,179816,1601946,548469,GA,FKT
203,01/03/2005,2487231,863563,19279,1522,2429137,228436,1986012,697903,GA,FKT
204,01/04/2005,2407816,850256,18568,1447,2248290,211016,1831145,669415,GA,FKT
205,01/05/2005,2455806,945309,19074,1550,2285079,238909,1892240,795283,GA,FKT
206,01/06/2005,2367749,958136,18020,1547,2289522,252962,1958719,831417,GA,FKT
207,01/07/2005,2435493,1020253,18224,1636,2357596,250408,2070478,812951,GA,FKT
208,01/08/2005,2430419,1021286,18347,1632,2205316,226362,1946079,755940,GA,FKT
209,01/09/2005,2091704,957000,15242,1530,1797317,213711,1557336,735956,GA,FKT
210,01/10/2005,2128745,921473,15786,1516,1874057,203081,1577923,670168,GA,FKT
211,01/11/2005,2019138,866854,14651,1444,1823238,201129,1555924,644649,GA,FKT
212,01/12/2005,2035029,994808,14525,1761,1850536,262801,1639889,786007,GA,FKT
213,01/01/2006,1966084,969163,14268,1737,1729729,224971,1512062,694151,GA,FKT
214,01/02/2006,1762856,847167,12808,1550,1613983,205201,1391812,614814,GA,FKT
215,01/03/2006,2046580,1028910,14575,1889,1967805,278025,1722690,837559,GA,FKT
216,01/04/2006,1928413,1079972,13626,1890,1728240,263705,1519646,825208,GA,FKT
217,01/05/2006,1888172,1196544,13393,1932,1720025,296646,1524521,1004797,GA,FKT
218,01/06/2006,1948298,1329994,13440,2139,1841085,355159,1704552,1184967,GA,FKT
219,01/07/2006,2022092,1403038,13755,2304,1893730,345564,1796104,1108029,GA,FKT
220,01/08/2006,2038288,1343034,13869,2195,1749431,303423,1662710,1010019,GA,FKT
221,01/09/2006,1880872,1181790,13185,1737,1574046,246128,1412621,915640,GA,FKT
222,01/10/2006,1962467,1153884,14099,1713,1819637,231702,1574804,829615,GA,FKT
223,01/11/2006,1899062,982710,13703,1717,1767836,242123,1517994,763350,GA,FKT
224,01/12/2006,1837100,1099590,13118,1985,1691096,307660,1483390,895189,GA,FKT
225,01/01/2007,1785564,1136313,12459,2011,1545016,273906,1384507,841058,GA,FKT
226,01/02/2007,1625482,1010018,11331,1810,1471619,249236,1296884,740694,GA,FKT
227,01/03/2007,1869673,1169297,13054,2071,1874053,320185,1619087,986993,GA,FKT
228,01/04/2007,1751215,1129757,12324,1929,1736638,276463,1496097,884097,GA,FKT
229,01/05/2007,1784628,1249393,12362,1967,1711255,307140,1520330,1051470,GA,FKT
230,01/06/2007,1893582,1417140,12744,2184,1832619,361342,1692364,1239660,GA,FKT
231,01/07/2007,1977526,1488072,13111,2305,1892886,360670,1789117,1202706,GA,FKT
232,01/08/2007,1975562,1449434,13203,2185,1846347,324207,1734577,1144215,GA,FKT
233,01/09/2007,1821724,1269051,12534,1752,1585198,267196,1447146,1029551,GA,FKT
234,01/10/2007,1930557,1232822,13648,1730,1807279,258330,1583888,963796,GA,FKT
235,01/11/2007,1871436,1130026,12968,1741,1687844,259762,1475302,891859,GA,FKT
236,01/12/2007,1840918,1254813,12513,1983,1619515,319824,1472611,1047011,GA,FKT
237,01/01/2008,1767393,1224830,11931,1942,1511668,281624,1390982,932405,GA,FKT
238,01/02/2008,1703403,1129348,11641,1812,1528877,262409,1375931,836996,GA,FKT
239,01/03/2008,1854887,1285488,12737,2049,1835484,330196,1622664,1068875,GA,FKT
240,01/04/2008,1734960,1288238,12059,1858,1679468,283677,1484469,1001043,GA,FKT
241,01/05/2008,1689939,1440857,11747,1957,1650768,327923,1480731,1225821,GA,FKT
242,01/06/2008,1824045,1560183,12372,2183,1776232,375644,1642757,1348565,GA,FKT
243,01/07/2008,1898891,1668447,12741,2403,1869945,377574,1729153,1312037,GA,FKT
244,01/08/2008,1846639,1618849,12572,2266,1780158,341823,1642836,1280752,GA,FKT
245,01/09/2008,1767489,1418753,12777,1786,1682227,278149,1490403,1127608,GA,FKT
246,01/10/2008,1858516,1351722,13818,1756,1896548,269194,1594124,1043713,GA,FKT
247,01/11/2008,1791266,1340573,13164,1797,1742072,266364,1468815,1002610,GA,FKT
248,01/12/2008,1780471,1471491,12574,2105,1733955,332437,1526426,1185023,GA,FKT
249,01/01/2009,1751624,1435732,12355,2085,1571233,290107,1395705,1054187,GA,FKT
250,01/02/2009,1557075,1246776,11054,1846,1425660,248332,1255278,836437,GA,FKT
251,01/03/2009,1719130,1391494,12097,2115,1639364,306528,1432631,1038184,GA,FKT
252,01/04/2009,1638232,1332635,12027,2018,1638436,290126,1398455,995844,GA,FKT
253,01/05/2009,1631065,1333082,12237,1962,1669861,299188,1428706,1093313,GA,FKT
254,01/06/2009,1709754,1438852,12181,2130,1702476,355765,1532751,1252071,GA,FKT
255,01/07/2009,1830108,1464158,12793,2201,1816526,352603,1663273,1220949,GA,FKT
256,01/08/2009,1807642,1381936,12853,1998,1750963,299653,1599067,1113925,GA,FKT
257,01/09/2009,1687034,1198161,12751,1579,1625454,247508,1405075,986348,GA,FKT
258,01/10/2009,1779041,1106271,13827,1568,1819868,241747,1517035,905090,GA,FKT
259,01/11/2009,1732434,975523,13454,1558,1693344,225518,1406442,762101,GA,FKT
260,01/12/2009,1704255,1117397,12538,1973,1600374,301111,1411915,934256,GA,FKT
261,01/01/2010,1730996,1220459,12413,2021,1505643,273170,1351166,923270,GA,FKT
262,01/02/2010,1546204,1069465,11065,1801,1415486,247029,1253961,789826,GA,FKT
263,01/03/2010,1835655,1245350,13291,2077,1846853,309809,1600629,988091,GA,FKT
264,01/04/2010,1846398,1187378,13954,1854,1881071,277214,1588348,952965,GA,FKT
265,01/05/2010,1898247,1335984,14368,1954,1927626,320797,1646295,1153094,GA,FKT
266,01/06/2010,1933442,1440464,14365,2177,1998602,370989,1742969,1286647,GA,FKT
267,01/07/2010,1996471,1512418,14570,2362,2034331,392023,1814850,1297276,GA,FKT
268,01/08/2010,2007404,1460970,15010,2149,1972228,332892,1746655,1198327,GA,FKT
269,01/09/2010,1943211,1238413,15312,1678,1894069,271036,1593330,1064300,GA,FKT
270,01/10/2010,1997172,1257132,15870,1728,2099013,271476,1708685,1026160,GA,FKT
271,01/11/2010,1881219,1160489,14971,1658,1934726,252693,1562146,908319,GA,FKT
272,01/12/2010,1867131,1241832,14509,1921,1845665,308896,1554176,1031653,GA,FKT
273,01/01/2011,1793038,1239154,13881,1987,1654095,271028,1410442,923196,GA,FKT
274,01/02/2011,1724337,1148245,13462,1903,1670653,251306,1392057,802870,GA,FKT
275,01/03/2011,2041019,1300531,15943,2249,2126775,314858,1744916,996579,GA,FKT
276,01/04/2011,1977615,1209499,16018,2026,2124011,288027,1687635,943910,GA,FKT
277,01/05/2011,2076081,1250971,16874,1982,2297956,313623,1833307,1067367,GA,FKT
278,01/06/2011,2071080,1414907,16515,2212,2247706,375804,1832757,1249669,GA,FKT
279,01/07/2011,2153691,1482681,17047,2382,2343945,398323,1940497,1266774,GA,FKT
280,01/08/2011,2099130,1399919,16942,2121,2238251,337721,1839368,1166149,GA,FKT
281,01/09/2011,1965909,1146960,16044,1681,2072619,263976,1662970,978747,GA,FKT
282,01/10/2011,2033747,1168366,16832,1741,2245376,260474,1752672,934974,GA,FKT
283,01/11/2011,1914791,1037725,15793,1600,2103245,244218,1646605,837292,GA,FKT
284,01/12/2011,1924057,1145457,15491,1888,1979928,306431,1608926,972535,GA,FKT
285,01/01/2012,1908290,1130229,15666,1942,1884119,268072,1530308,873264,GA,FKT
286,01/02/2012,1807173,1049490,14691,1891,1865390,252844,1488595,777159,GA,FKT
287,01/03/2012,2054784,1180414,16748,2201,2321187,316022,1816347,970053,GA,FKT
288,01/04/2012,1982731,1151071,16566,1982,2269762,284437,1739464,922745,GA,FKT
289,01/05/2012,2059837,1226436,17166,2048,2364217,329004,1822705,1078753,GA,FKT
290,01/06/2012,2115277,1290857,17159,2198,2402195,372244,1903409,1165891,GA,FKT
291,01/07/2012,2189563,1348630,17486,2268,2436776,375946,1965730,1159222,GA,FKT
292,01/08/2012,2168164,1303295,17717,2048,2390727,328132,1897594,1106181,GA,FKT
293,01/09/2012,2010130,1128988,16954,1711,2179879,277135,1672324,995629,GA,FKT
294,01/10/2012,2063373,1146515,17617,1778,2396416,280781,1790440,978178,GA,FKT
295,01/11/2012,1982427,993050,16716,1627,2261029,260328,1702942,859043,GA,FKT
296,01/12/2012,1943677,1084844,15827,1910,2078311,313895,1649393,956558,GA,FKT
297,01/01/2013,1930391,1055487,16313,1824,2014088,270210,1575858,862700,GA,FKT
298,01/02/2013,1770058,975729,15011,1735,1936256,254589,1483753,781420,GA,FKT
299,01/03/2013,2095803,1137454,17642,2085,2398066,319362,1820193,959544,GA,FKT
300,01/04/2013,2018609,1238228,17449,2031,2316565,298965,1731968,999609,GA,FKT
301,01/05/2013,2095973,1286007,18205,2098,2458424,345137,1830751,1155729,GA,FKT
302,01/06/2013,2137608,1362410,18138,2257,2455368,392708,1885674,1246963,GA,FKT
303,01/07/2013,2276168,1409677,18644,2360,2502898,394775,1989739,1226038,GA,FKT
304,01/08/2013,2255139,1337037,18796,2161,2465349,353335,1938632,1159620,GA,FKT
305,01/09/2013,2040430,1099140,17515,1751,2244351,277961,1706741,969344,GA,FKT
306,01/10/2013,2136199,1107902,18606,1763,2462463,280669,1816152,956994,GA,FKT
307,01/11/2013,2019160,1044127,17507,1818,2249490,281855,1668959,895412,GA,FKT
308,01/12/2013,2053848,1135621,17080,2055,2332440,337441,1821718,1020630,GA,FKT
309,01/01/2014,1898615,1095445,15949,2054,2040477,303351,1588838,922596,GA,FKT
310,01/02/2014,1721592,958988,14672,1843,1964097,271516,1492442,795381,GA,FKT
311,01/03/2014,2175830,1189074,18914,2272,2623956,345169,1949311,1026624,GA,FKT
312,01/04/2014,2109010,1184365,18742,2109,2573503,317338,1879109,993455,GA,FKT
313,01/05/2014,2194446,1294142,19540,2252,2728834,363812,1997845,1172484,GA,FKT
314,01/06/2014,2210991,1437103,19211,2470,2662006,415341,2003446,1284620,GA,FKT
315,01/07/2014,2352808,1496201,19975,2626,2777533,419022,2143020,1257523,GA,FKT
316,01/08/2014,2341711,1475044,19936,2511,2706045,393660,2083234,1248403,GA,FKT
317,01/09/2014,2157765,1236267,19270,1967,2510464,312699,1851744,1088938,GA,FKT
318,01/10/2014,2235807,1157464,20323,1925,2765055,297276,1975409,987007,GA,FKT
319,01/11/2014,2118100,1043867,19287,1919,2530886,282114,1822889,877707,GA,FKT
320,01/12/2014,2144497,1121893,18766,2182,2451087,343494,1867693,1002093,GA,FKT
321,01/01/2015,2059477,1148069,18476,2320,2295799,329232,1726561,954996,GA,FKT
322,01/02/2015,1865131,988701,16989,2001,2203542,288335,1618789,801437,GA,FKT
323,01/03/2015,2246011,1188024,20930,2407,2795889,349204,2021404,981173,GA,FKT
324,01/04/2015,2174349,1224041,20217,2343,2705027,338974,1942714,998095,GA,FKT
325,01/05/2015,2304381,1254196,20856,2357,2860357,371796,2095257,1110303,GA,FKT
326,01/06/2015,2328959,1382305,20755,2516,2827741,413020,2120297,1238626,GA,FKT
327,01/07/2015,2468719,1471043,21605,2661,2912741,426833,2227869,1259889,GA,FKT
328,01/08/2015,2465289,1423102,21664,2580,2838220,395569,2177787,1198491,GA,FKT
329,01/09/2015,2215461,1187101,20141,2045,2655206,315893,1939921,1032394,GA,FKT
330,01/10/2015,2302101,1118985,20984,2050,2903400,315561,2089679,970528,GA,FKT
331,01/11/2015,2187995,1028685,20198,2063,2740122,304079,1952919,876549,GA,FKT
332,01/12/2015,2175559,1110232,19242,2317,2556283,358673,1927224,979917,GA,FKT
333,01/01/2016,2098841,1118536,18929,2447,2413407,347781,1798924,930347,GA,FKT
334,01/02/2016,2044467,999314,18621,2223,2381128,314923,1749384,807321,GA,FKT
335,01/03/2016,2275312,1108911,20805,2348,2740984,356143,2012352,938318,GA,FKT
336,01/04/2016,2232813,1156352,20594,2377,2724455,344358,1972333,946957,GA,FKT
337,01/05/2016,2374010,1222699,21638,2433,2973323,383705,2151487,1077793,GA,FKT
338,01/06/2016,2378915,1281198,21415,2433,2847021,414901,2123156,1166015,GA,FKT
339,01/07/2016,2493453,1388354,21659,2615,2822355,436890,2180190,1214873,GA,FKT
340,01/08/2016,2447813,1319579,21390,2467,2668682,380351,2059938,1089224,GA,FKT
341,01/09/2016,2251519,1118449,20323,2015,2692054,312309,1964257,969246,GA,FKT
342,01/10/2016,2370322,1072438,21408,2051,2919739,307632,2100159,901500,GA,FKT
343,01/11/2016,2248445,905670,20412,1912,2797426,287407,2004047,786318,GA,FKT
344,01/12/2016,2229209,1050472,19367,2375,2601136,372156,1985102,946774,GA,FKT
345,01/01/2017,2128297,,18908,,2388094,,1793896,,GA,FKT
346,01/02/2017,1993263,,17795,,2334501,,1713441,,GA,FKT
347,01/03/2017,2338230,,20885,,2855971,,2077381,,GA,FKT
348,01/10/2002,55554,,441,,33834,,33752,,AA,FKT
349,01/11/2002,42498,,369,,28828,,27759,,AA,FKT
350,01/12/2002,43796,,386,,35944,60,35333,,AA,FKT
351,01/01/2003,45326,,389,,30168,21,29168,,AA,FKT
352,01/02/2003,40629,,350,,30095,,28375,,AA,FKT
353,01/03/2003,42894,,378,,35668,6,33619,,AA,FKT
354,01/04/2003,43454,,355,,32757,0,31244,,AA,FKT
355,01/05/2003,41279,,345,,33224,44,31958,,AA,FKT
356,01/06/2003,45378,,366,,36247,85,36631,,AA,FKT
357,01/07/2003,49647,,396,,40025,159,40256,,AA,FKT
358,01/08/2003,48951,,390,,34384,147,33893,,AA,FKT
359,01/09/2003,44910,,383,,26155,39,24114,,AA,FKT
360,01/10/2003,45418,,397,,32140,91,29073,,AA,FKT
361,01/11/2003,42864,,367,,29181,,27299,,AA,FKT
362,01/12/2003,44674,,386,,33072,,32803,,AA,FKT
363,01/01/2004,45334,,388,,29313,,28556,,AA,FKT
364,01/02/2004,37569,,333,,26367,,24372,,AA,FKT
365,01/03/2004,37279,,340,,30653,,27923,,AA,FKT
366,01/04/2004,36336,,325,,31928,52,28315,,AA,FKT
367,01/05/2004,35839,,321,,32059,46,29266,,AA,FKT
368,01/06/2004,36144,,331,,32884,10,29953,,AA,FKT
369,01/07/2004,35523,,331,,32099,64,29415,,AA,FKT
370,01/08/2004,36693,,338,,31917,105,28857,,AA,FKT
371,01/09/2004,35031,,320,,27231,11,24693,,AA,FKT
372,01/10/2004,38234,,335,,30624,,27256,,AA,FKT
373,01/11/2004,35784,,312,,28633,,25812,,AA,FKT
374,01/12/2004,37665,,330,,30967,,29559,,AA,FKT
375,01/01/2005,28355,,244,,21196,,19953,,AA,FKT
376,01/02/2005,26184,,222,,19563,,18126,,AA,FKT
377,01/03/2005,30303,,251,,24086,,22154,,AA,FKT
378,01/04/2005,29189,,232,,23922,,21657,,AA,FKT
379,01/05/2005,27662,,239,,23667,88,22802,,AA,FKT
380,01/06/2005,23644,,207,,21826,62,20214,,AA,FKT
381,01/07/2005,23045,,200,,21742,27,20402,,AA,FKT
382,01/08/2005,23515,,208,,19647,32,18031,,AA,FKT
383,01/09/2005,22792,,204,,18740,32,16325,,AA,FKT
384,01/10/2005,24210,,217,,20714,43,18106,,AA,FKT
385,01/11/2005,22933,,203,,19717,24,17311,,AA,FKT
386,01/12/2005,22969,,203,,20035,36,18331,,AA,FKT
387,01/01/2006,23810,,207,,19436,12,17136,,AA,FKT
388,01/02/2006,21459,,191,,18427,,16277,,AA,FKT
389,01/03/2006,23617,,212,,21218,,18893,,AA,FKT
390,01/04/2006,24218,,204,,22480,,19386,,AA,FKT
391,01/05/2006,24924,,215,,23425,63,20950,,AA,FKT
392,01/06/2006,24591,,205,,22981,25,20407,,AA,FKT
393,01/07/2006,25390,,211,,23410,,21022,,AA,FKT
394,01/08/2006,25560,,215,,21895,,19196,,AA,FKT
395,01/09/2006,22809,,205,,19142,,16711,,AA,FKT
396,01/10/2006,23687,,214,,20760,,18472,,AA,FKT
397,01/11/2006,27119,,227,,21569,,20269,,AA,FKT
398,01/12/2006,23368,,204,,18880,,17566,,AA,FKT
399,01/01/2007,27474,,233,,23359,,21800,,AA,FKT
400,01/02/2007,23011,,192,,20036,,18581,,AA,FKT
401,01/03/2007,24386,,213,,22354,35,19725,,AA,FKT
402,01/04/2007,23829,,210,,22271,133,19903,,AA,FKT
403,01/05/2007,26357,,240,,25483,138,22357,,AA,FKT
404,01/06/2007,23967,,222,,22629,170,20343,,AA,FKT
405,01/07/2007,24556,,229,,22241,247,20335,,AA,FKT
406,01/08/2007,31280,,284,,26227,314,24344,,AA,FKT
407,01/09/2007,24721,,228,,19454,194,17109,,AA,FKT
408,01/10/2007,25435,,236,,22214,158,19257,,AA,FKT
409,01/11/2007,24267,,223,,21356,148,18859,,AA,FKT
410,01/12/2007,24613,,229,,19496,95,18281,,AA,FKT
411,01/01/2008,24818,,228,,19367,148,17531,,AA,FKT
412,01/02/2008,22428,,203,,16870,198,15498,,AA,FKT
413,01/03/2008,25489,,233,,21737,262,19605,,AA,FKT
414,01/04/2008,24014,,224,,22528,305,19713,,AA,FKT
415,01/05/2008,24916,,231,,23312,252,21357,,AA,FKT
416,01/06/2008,24316,,221,,21823,108,20608,,AA,FKT
417,01/07/2008,24872,,228,,21853,161,20470,,AA,FKT
418,01/08/2008,24346,,225,,19019,179,17274,,AA,FKT
419,01/09/2008,24632,,227,,19561,166,17737,,AA,FKT
420,01/10/2008,25279,,234,,21231,183,18912,,AA,FKT
421,01/11/2008,8871,,112,,9821,122,6164,,AA,FKT
422,01/12/2008,8417,,112,,9427,44,5841,,AA,FKT
423,01/01/2009,8119,,110,,8551,,5182,,AA,FKT
424,01/02/2009,7009,,91,,7294,,4420,,AA,FKT
425,01/03/2009,7297,,91,,9225,,5664,,AA,FKT
426,01/04/2009,7009,,89,,9659,,5853,,AA,FKT
427,01/05/2009,6712,,87,,8723,,5286,,AA,FKT
428,01/06/2009,6723,,87,,8562,,5174,,AA,FKT
429,01/07/2009,7114,,91,,8985,,5445,,AA,FKT
430,01/08/2009,6970,,92,,7367,,4490,,AA,FKT
431,01/09/2009,7207,,86,,7216,,4373,,AA,FKT
432,01/10/2009,7528,,92,,8212,,4976,,AA,FKT
433,01/11/2009,7304,,88,,7772,,4710,,AA,FKT
434,01/12/2009,7057,,86,,7652,,4637,,AA,FKT
435,01/01/2010,5015,,62,,5928,,3652,,AA,FKT
436,01/02/2010,4499,,54,,5329,,3285,,AA,FKT
437,01/03/2010,5250,,62,,6556,,3973,,AA,FKT
438,01/04/2010,5300,,63,,6834,,4423,,AA,FKT
439,01/05/2010,4752,,59,,6613,,4007,,AA,FKT
440,01/06/2010,2659,,33,,3531,,2121,,AA,FKT
441,01/07/2010,2516,,31,,3323,,2014,,AA,FKT
442,01/08/2010,2531,,31,,2884,,1748,,AA,FKT
443,01/09/2010,2734,,33,,3031,,1837,,AA,FKT
444,01/10/2010,2847,,34,,3419,,2072,,AA,FKT
445,01/11/2010,5348,,60,,5582,,3423,,AA,FKT
446,01/12/2010,5206,,67,,5872,,3540,,AA,FKT
447,01/01/2011,4490,,56,,4828,,2909,,AA,FKT
448,01/02/2011,3657,,44,,3266,,2000,,AA,FKT
449,01/03/2011,3451,,43,,3541,,2146,,AA,FKT
450,01/04/2011,3571,,36,,3915,,2372,,AA,FKT
451,01/05/2011,4160,,54,,5560,,3363,,AA,FKT
452,01/06/2011,5393,,71,,6621,,3877,,AA,FKT
453,01/07/2011,5870,,76,,6939,,4024,,AA,FKT
454,01/08/2011,5799,,76,,5922,,3480,,AA,FKT
455,01/09/2011,2440,,29,,2447,,1507,,AA,FKT
456,01/10/2011,2160,,26,,2338,,1417,,AA,FKT
457,01/11/2011,2339,,30,,2772,,1660,,AA,FKT
458,01/12/2011,2218,,30,,2482,0,1494,,AA,FKT
459,01/01/2012,8923,,100,,5784,,3788,,AA,FKT
460,01/02/2012,9611,,109,,6983,,4639,,AA,FKT
461,01/03/2012,4860,,61,,4961,,3131,,AA,FKT
462,01/04/2012,11838,,118,,10896,,9013,,AA,FKT
463,01/05/2012,15320,,143,,14893,1,12279,,AA,FKT
464,01/06/2012,11510,,122,,10436,,8509,,AA,FKT
465,01/07/2012,7918,161,80,1,6999,,5998,159,AA,FKT
466,01/08/2012,10027,,97,,7736,9,6695,,AA,FKT
467,01/09/2012,11906,,130,,10258,2,8306,,AA,FKT
468,01/10/2012,14048,,140,,12641,18,10331,,AA,FKT
469,01/11/2012,7273,,86,,7363,0,5093,,AA,FKT
470,01/12/2012,4987,,59,,5330,0,3566,,AA,FKT
471,01/01/2013,5109,,61,,4806,1,3236,,AA,FKT
472,01/02/2013,4535,,54,,3957,2,2720,,AA,FKT
473,01/03/2013,4295,,49,,4048,,2841,,AA,FKT
474,01/04/2013,3125,,34,,2766,,1753,,AA,FKT
475,01/05/2013,2508,,33,,3287,,2016,,AA,FKT
476,01/06/2013,4943,,59,,5474,,3745,,AA,FKT
477,01/07/2013,5107,,56,,4696,,3266,,AA,FKT
478,01/08/2013,4291,,47,,3656,,2479,,AA,FKT
479,01/09/2013,2248,,30,,1972,3,1197,,AA,FKT
480,01/10/2013,2415,,32,,2083,,1338,,AA,FKT
481,01/11/2013,2386,,31,,2121,,1295,,AA,FKT
482,01/12/2013,3862,,47,,3683,13,2602,,AA,FKT
483,01/01/2014,2046,922,26,1,1769,2,1073,897,AA,FKT
484,01/02/2014,2820,,35,,3455,,2318,,AA,FKT
485,01/03/2014,4247,,52,,5520,0,3663,,AA,FKT
486,01/04/2014,19618,,62,,7873,,16372,,AA,FKT
487,01/05/2014,20828,,67,,9509,,19574,,AA,FKT
488,01/06/2014,20676,,79,,9393,,16527,,AA,FKT
489,01/07/2014,19022,,64,,7844,,15776,,AA,FKT
490,01/08/2014,18568,,59,,6938,,14198,,AA,FKT
491,01/09/2014,19233,,65,,7006,,13435,,AA,FKT
492,01/10/2014,25150,,117,,11674,2,18130,,AA,FKT
493,01/11/2014,31761,,201,,18959,7,22524,,AA,FKT
494,01/12/2014,32963,,208,,20484,2,24556,,AA,FKT
495,01/01/2015,26489,,204,,17511,0,17819,,AA,FKT
496,01/02/2015,27453,,210,,19683,13,19688,,AA,FKT
497,01/03/2015,43030,,295,,27665,14,30361,,AA,FKT
498,01/04/2015,47445,,328,,33365,14,35839,,AA,FKT
499,01/05/2015,51089,,352,,42092,3,44836,,AA,FKT
500,01/06/2015,51909,,374,,40518,0,41110,,AA,FKT
501,01/07/2015,44888,,308,,32319,4,36102,,AA,FKT
502,01/08/2015,47296,,313,,31765,2,34021,,AA,FKT
503,01/09/2015,48262,,327,,35891,5,36856,,AA,FKT
504,01/10/2015,54045,,373,,42523,0,43280,,AA,FKT
505,01/11/2015,49725,,324,,35680,2,38446,,AA,FKT
506,01/12/2015,46098,,292,,33292,,36835,,AA,FKT
507,01/01/2016,30730,,227,,21576,0,21703,,AA,FKT
508,01/02/2016,39107,,250,,24094,,25798,,AA,FKT
509,01/03/2016,67351,,413,,46576,,47612,,AA,FKT
510,01/04/2016,62926,,412,,51760,0,49710,,AA,FKT
511,01/05/2016,78357,,547,,76432,,70704,,AA,FKT
512,01/06/2016,81628,,589,,84748,,76535,,AA,FKT
513,01/07/2016,78905,,564,,78100,,71497,,AA,FKT
514,01/08/2016,81996,,599,,70693,,62867,,AA,FKT
515,01/09/2016,78379,,575,,66456,3,59162,,AA,FKT
516,01/10/2016,68108,,504,,58651,,53486,,AA,FKT
517,01/11/2016,61548,,452,,55321,4,48974,,AA,FKT
518,01/12/2016,57694,,393,,48643,,47244,,AA,FKT
519,01/01/2017,38835,,302,,30889,,26420,,AA,FKT
520,01/02/2017,40820,,300,,30225,,26995,,AA,FKT
521,01/03/2017,57244,,381,,42374,,43896,,AA,FKT
522,01/10/2002,746365,64371,2848,143,306382,13167,523188,43292,FA,NSA
523,01/11/2002,698393,61241,2692,132,287725,11534,489197,38974,FA,NSA
524,01/12/2002,707999,63805,2645,134,309845,14520,537032,46241,FA,NSA
525,01/01/2003,681607,63304,2467,132,273077,11622,485689,41089,FA,NSA
526,01/02/2003,594233,52664,2145,96,238492,8627,426122,31936,FA,NSA
527,01/03/2003,704550,60085,2485,120,291673,12062,523994,40228,FA,NSA
528,01/04/2003,679974,58998,2415,118,289406,11414,522829,39834,FA,NSA
529,01/05/2003,704122,51386,2439,90,298530,11165,539575,40975,FA,NSA
530,01/06/2003,712360,50445,2460,86,330996,12134,606327,45439,FA,NSA
531,01/07/2003,760319,49929,2586,86,355582,12293,652162,42009,FA,NSA
532,01/08/2003,759337,51814,2571,87,358821,13047,659979,47548,FA,NSA
533,01/09/2003,713872,50187,2407,79,261785,10553,478317,43531,FA,NSA
534,01/10/2003,733298,50594,2456,82,285784,10632,526969,40288,FA,NSA
535,01/11/2003,716560,49326,2339,80,282927,10514,521679,41100,FA,NSA
536,01/12/2003,749246,51644,2463,86,304890,11286,562717,42271,FA,NSA
537,01/01/2004,753446,52735,2542,85,284717,9723,534828,39361,FA,NSA
538,01/02/2004,717798,48866,2421,86,277892,9264,523147,32570,FA,NSA
539,01/03/2004,786075,53475,2643,92,331519,12625,621247,45924,FA,NSA
540,01/04/2004,776015,117310,2585,135,329290,19444,625367,86687,FA,NSA
541,01/05/2004,764535,130179,2620,147,312156,24459,591883,112738,FA,NSA
542,01/06/2004,804151,142121,2753,188,359853,29749,683289,124046,FA,NSA
543,01/07/2004,840884,153327,2875,216,380427,30903,720907,120821,FA,NSA
544,01/08/2004,843265,151001,2899,215,385145,31704,731194,121592,FA,NSA
545,01/09/2004,730720,145379,2582,200,312784,26347,581989,109265,FA,NSA
546,01/10/2004,773041,148278,2725,205,339115,26784,630049,106696,FA,NSA
547,01/11/2004,765428,111795,2627,180,330782,22895,618929,82555,FA,NSA
548,01/12/2004,799717,122836,2763,202,350513,28215,651735,97930,FA,NSA
549,01/01/2005,754140,121559,2613,189,316463,25487,585024,92336,FA,NSA
550,01/02/2005,673180,109160,2317,167,287548,22074,529946,80484,FA,NSA
551,01/03/2005,763574,120721,2620,185,359427,29614,668783,102212,FA,NSA
552,01/04/2005,734037,163052,2563,236,341265,31680,626932,121400,FA,NSA
553,01/05/2005,768377,155937,2694,216,358414,32261,656082,132373,FA,NSA
554,01/06/2005,786385,152500,2667,229,386135,35801,719987,133179,FA,NSA
555,01/07/2005,833253,159988,2798,246,410349,37137,767210,132678,FA,NSA
556,01/08/2005,813452,157485,2754,236,403097,37237,748551,134721,FA,NSA
557,01/09/2005,757162,150774,2564,207,341054,29657,632596,119316,FA,NSA
558,01/10/2005,762855,151055,2604,210,346211,28882,642705,108758,FA,NSA
559,01/11/2005,735274,112560,2522,176,344431,24586,634273,85498,FA,NSA
560,01/12/2005,756131,121491,2581,183,348423,27736,644010,97686,FA,NSA
561,01/01/2006,753818,125868,2607,186,325003,27347,592298,95948,FA,NSA
562,01/02/2006,667553,112357,2311,167,295629,24735,535358,86461,FA,NSA
563,01/03/2006,759469,125541,2601,185,359757,30449,655392,108226,FA,NSA
564,01/04/2006,764759,146748,2542,206,359575,31970,674439,117864,FA,NSA
565,01/05/2006,793898,152415,2639,215,361390,33922,681712,130503,FA,NSA
566,01/06/2006,780001,145915,2574,206,378222,36054,714474,136167,FA,NSA
567,01/07/2006,809483,153294,2662,215,396167,35754,746800,132148,FA,NSA
568,01/08/2006,807348,151048,2660,214,385416,33625,729487,124710,FA,NSA
569,01/09/2006,763218,146778,2498,203,325335,28390,614496,114655,FA,NSA
570,01/10/2006,788943,148486,2585,212,345171,29600,652043,109156,FA,NSA
571,01/11/2006,766549,107698,2497,178,348192,27408,649800,93162,FA,NSA
572,01/12/2006,800792,122779,2605,202,364722,31439,680402,106217,FA,NSA
573,01/01/2007,789712,129482,2585,216,330243,29511,611062,102629,FA,NSA
574,01/02/2007,699378,115589,2298,194,304374,26070,560967,90615,FA,NSA
575,01/03/2007,787447,138520,2589,223,372267,36303,685103,124793,FA,NSA
576,01/04/2007,773359,163667,2505,238,369693,37037,683112,135661,FA,NSA
577,01/05/2007,793746,153825,2579,216,366730,34720,681586,132487,FA,NSA
578,01/06/2007,772429,149732,2514,209,385154,36584,715842,136933,FA,NSA
579,01/07/2007,809241,152397,2636,214,400870,35998,743638,129538,FA,NSA
580,01/08/2007,811687,152535,2636,215,396627,36586,736283,131110,FA,NSA
581,01/09/2007,754883,140587,2467,191,328334,30188,605584,117823,FA,NSA
582,01/10/2007,791916,145242,2584,197,352819,30253,651725,114296,FA,NSA
583,01/11/2007,769460,115823,2477,189,346107,29650,640126,99147,FA,NSA
584,01/12/2007,783838,129290,2513,215,347203,33727,643596,110230,FA,NSA
585,01/01/2008,780981,127525,2517,198,328494,27864,607142,95735,FA,NSA
586,01/02/2008,705261,115680,2281,178,305042,25473,564108,87680,FA,NSA
587,01/03/2008,743655,126223,2391,206,351466,34554,649421,111789,FA,NSA
588,01/04/2008,734006,138442,2375,196,343433,29831,642934,107895,FA,NSA
589,01/05/2008,763233,150192,2510,212,363895,34222,673279,125742,FA,NSA
590,01/06/2008,727207,151023,2431,210,362684,35897,666198,132257,FA,NSA
591,01/07/2008,757403,153009,2495,214,369678,34076,684265,117833,FA,NSA
592,01/08/2008,774008,152753,2537,211,377204,35203,702540,128705,FA,NSA
593,01/09/2008,649100,150093,2203,202,298423,28484,542456,112154,FA,NSA
594,01/10/2008,678366,145089,2269,208,315174,30333,572365,109724,FA,NSA
595,01/11/2008,656938,110203,2223,176,302724,26616,543541,89635,FA,NSA
596,01/12/2008,686639,111760,2343,177,323716,27035,582380,90476,FA,NSA
597,01/01/2009,686964,113900,2340,182,298047,23108,540814,82535,FA,NSA
598,01/02/2009,621120,96247,2109,143,275189,18740,497317,65839,FA,NSA
599,01/03/2009,691899,114425,2336,185,332439,27347,598490,93117,FA,NSA
600,01/04/2009,696543,110556,2282,179,337031,26580,614003,90002,FA,NSA
601,01/05/2009,723826,111983,2350,166,338895,23889,623270,90128,FA,NSA
602,01/06/2009,694398,107297,2293,152,353914,26633,645602,98107,FA,NSA
603,01/07/2009,722504,109151,2383,153,369260,24896,668332,89212,FA,NSA
604,01/08/2009,719460,108480,2384,157,365358,24457,662016,86268,FA,NSA
605,01/09/2009,658574,107646,2211,164,307795,25075,559621,87957,FA,NSA
606,01/10/2009,683698,114095,2290,185,328450,28408,592230,94774,FA,NSA
607,01/11/2009,666390,111157,2215,180,304884,27186,546848,90070,FA,NSA
608,01/12/2009,706661,112310,2326,183,323921,26796,586132,90177,FA,NSA
609,01/01/2010,710894,113852,2342,177,302374,23090,546109,83521,FA,NSA
610,01/02/2010,626555,100462,2089,158,264511,21289,478340,72205,FA,NSA
611,01/03/2010,717192,113664,2386,175,336728,27933,610129,95223,FA,NSA
612,01/04/2010,709503,100982,2328,171,339685,24780,614428,79745,FA,NSA
613,01/05/2010,730613,114572,2381,185,341340,28815,620038,98843,FA,NSA
614,01/06/2010,711838,111301,2360,179,360034,30331,658289,102402,FA,NSA
615,01/07/2010,738759,111688,2489,183,370883,29299,674071,94102,FA,NSA
616,01/08/2010,725174,113924,2431,178,372092,28293,669426,94594,FA,NSA
617,01/09/2010,674268,106245,2211,149,312138,22478,564620,84485,FA,NSA
618,01/10/2010,697732,114048,2287,185,333261,28108,600486,93932,FA,NSA
619,01/11/2010,672319,110263,2195,167,311742,26094,562452,90388,FA,NSA
620,01/12/2010,682592,105953,2281,151,321343,22759,580470,80004,FA,NSA
621,01/01/2011,682565,108592,2290,153,297302,21097,538467,77066,FA,NSA
622,01/02/2011,613590,99904,2049,138,270114,19809,486773,72397,FA,NSA
623,01/03/2011,700338,108642,2345,153,331397,22964,593660,81026,FA,NSA
624,01/04/2011,701805,153356,2332,202,341234,31664,609938,121524,FA,NSA
625,01/05/2011,723627,160977,2403,209,353334,34311,634787,139414,FA,NSA
626,01/06/2011,717579,159053,2435,207,366372,36247,655153,142346,FA,NSA
627,01/07/2011,741218,163816,2535,216,380451,35045,677743,131033,FA,NSA
628,01/08/2011,729461,158066,2507,197,378718,31814,667043,122955,FA,NSA
629,01/09/2011,691672,138708,2383,147,338088,24257,598847,104769,FA,NSA
630,01/10/2011,709798,150833,2451,178,352155,29697,623588,121125,FA,NSA
631,01/11/2011,664414,129789,2302,150,330452,23589,584481,101265,FA,NSA
632,01/12/2011,687383,133195,2339,146,333372,23820,592107,107320,FA,NSA
633,01/01/2012,699394,135229,2387,143,329652,22339,587286,103294,FA,NSA
634,01/02/2012,680288,132921,2289,141,315240,21570,558181,98948,FA,NSA
635,01/03/2012,743457,146427,2481,155,369824,25939,656109,117541,FA,NSA
636,01/04/2012,732261,143898,2410,169,359268,27168,633422,118175,FA,NSA
637,01/05/2012,761815,149791,2503,175,374918,30681,665935,136603,FA,NSA
638,01/06/2012,736477,144206,2440,170,379291,31810,678390,135170,FA,NSA
639,01/07/2012,797018,161487,2662,208,400393,33901,722351,132634,FA,NSA
640,01/08/2012,790487,160876,2652,203,405094,35161,724102,141362,FA,NSA
641,01/09/2012,716832,153713,2388,187,340102,27885,603138,119129,FA,NSA
642,01/10/2012,730678,160716,2468,205,349364,31435,620331,133744,FA,NSA
643,01/11/2012,716055,147339,2377,184,343337,27501,610369,121747,FA,NSA
644,01/12/2012,737662,148291,2470,177,351135,27416,628662,120553,FA,NSA
645,01/01/2013,706719,134168,2428,143,330970,21823,589358,105021,FA,NSA
646,01/02/2013,641718,121268,2211,138,300204,20979,533011,96008,FA,NSA
647,01/03/2013,730352,149447,2494,178,369653,29700,659512,130237,FA,NSA
648,01/04/2013,717997,154462,2471,203,358333,30313,638813,124026,FA,NSA
649,01/05/2013,746472,160349,2571,212,368244,34320,660858,143979,FA,NSA
650,01/06/2013,757725,163206,2589,227,387585,38669,703180,150433,FA,NSA
651,01/07/2013,793707,175790,2702,247,394847,40201,719880,148502,FA,NSA
652,01/08/2013,790462,172850,2709,236,399255,40175,718808,155151,FA,NSA
653,01/09/2013,715122,160146,2511,179,329756,28424,583339,125841,FA,NSA
654,01/10/2013,751903,168922,2630,202,356248,32755,630320,142453,FA,NSA
655,01/11/2013,729709,157650,2526,187,333723,28151,594285,123938,FA,NSA
656,01/12/2013,777595,176771,2652,191,371368,32111,669628,143157,FA,NSA
657,01/01/2014,721420,193370,2552,177,338412,29510,594979,150032,FA,NSA
658,01/02/2014,653716,172103,2342,171,307162,26554,535077,128160,FA,NSA
659,01/03/2014,756012,201405,2693,209,377665,35849,665559,165282,FA,NSA
660,01/04/2014,732496,198925,2634,199,362783,33198,639183,153650,FA,NSA
661,01/05/2014,759327,215296,2756,232,371444,41124,656168,187273,FA,NSA
662,01/06/2014,754963,210669,2770,254,383138,44388,683391,185572,FA,NSA
663,01/07/2014,785427,220597,2872,278,394954,43546,701376,175577,FA,NSA
664,01/08/2014,752675,218304,2784,261,385818,45388,675325,188947,FA,NSA
665,01/09/2014,681288,204069,2578,197,321107,32139,554806,156715,FA,NSA
666,01/10/2014,710595,208279,2690,188,345179,32682,595575,169171,FA,NSA
667,01/11/2014,693167,193684,2587,182,331746,29471,572385,143299,FA,NSA
668,01/12/2014,754685,200982,2730,207,355329,33981,623456,155427,FA,NSA
669,01/01/2015,687546,206654,2593,191,319270,31221,549379,161253,FA,NSA
670,01/02/2015,613263,179758,2314,170,296403,28168,508999,139128,FA,NSA
671,01/03/2015,749526,212826,2774,217,376712,37844,654317,179466,FA,NSA
672,01/04/2015,732652,252019,2673,239,358375,39958,621143,189758,FA,NSA
673,01/05/2015,742878,257952,2700,243,359420,44600,627426,213050,FA,NSA
674,01/06/2015,748183,260423,2684,290,386442,54869,682340,237681,FA,NSA
675,01/07/2015,984308,269019,3546,304,512583,54851,890624,222202,FA,NSA
676,01/08/2015,967227,279291,3498,319,501759,60646,866980,249782,FA,NSA
677,01/09/2015,857017,269103,3187,312,424334,54768,732925,223893,FA,NSA
678,01/10/2015,888654,275217,3282,329,452106,60073,774962,239871,FA,NSA
679,01/11/2015,866281,251800,3147,317,433225,51634,741945,199219,FA,NSA
680,01/12/2015,931937,303384,3349,355,457983,58849,797644,229398,FA,NSA
681,01/01/2016,851591,328023,3126,369,413080,58085,707554,262048,FA,NSA
682,01/02/2016,813657,341454,2999,355,387970,54537,668736,249489,FA,NSA
683,01/03/2016,936272,383956,3406,407,477275,68025,827721,291865,FA,NSA
684,01/04/2016,907913,372563,3266,398,448663,63215,783585,276988,FA,NSA
685,01/05/2016,937131,385289,3343,404,466777,65997,825989,290506,FA,NSA
686,01/06/2016,1088673,393068,3944,426,574533,79273,1001033,336371,FA,NSA
687,01/07/2016,1134208,435836,4069,465,584850,82641,1019523,360951,FA,NSA
688,01/08/2016,1077730,424159,3863,439,547049,77782,956308,347615,FA,NSA
689,01/09/2016,876072,443469,3201,390,446724,72052,776378,355826,FA,NSA
690,01/10/2016,917243,473544,3325,409,463492,79856,807366,408679,FA,NSA
691,01/11/2016,891660,427131,3178,395,444777,68915,780047,343328,FA,NSA
692,01/12/2016,968373,487054,3383,459,453673,81510,811955,389228,FA,NSA
693,01/01/2017,904987,,3116,,407286,,736444,,FA,NSA
694,01/02/2017,796169,,2737,,356871,,641756,,FA,NSA
695,01/03/2017,917308,,3129,,449426,,802943,,FA,NSA
696,01/10/2002,404513,14979,1085,62,157868,5785,293977,8367,GA,NSA
697,01/11/2002,391981,14574,1047,60,150065,6034,271498,8644,GA,NSA
698,01/12/2002,399919,14967,1083,62,168651,7525,315874,11567,GA,NSA
699,01/01/2003,397156,14821,1083,62,152462,5312,286738,8496,GA,NSA
700,01/02/2003,346999,13378,954,56,131201,4105,244617,6135,GA,NSA
701,01/03/2003,380170,14522,993,61,139518,5306,270609,7704,GA,NSA
702,01/04/2003,372043,14315,1001,60,135804,6060,263749,8985,GA,NSA
703,01/05/2003,359574,14785,1023,62,145472,6437,280286,9389,GA,NSA
704,01/06/2003,376192,14331,1076,60,177499,6877,340347,10301,GA,NSA
705,01/07/2003,406599,14788,1146,62,191455,8787,369629,12734,GA,NSA
706,01/08/2003,430849,14757,1177,62,200038,8273,376029,11875,GA,NSA
707,01/09/2003,438505,14301,1186,60,146412,5585,274746,7973,GA,NSA
708,01/10/2003,465561,14487,1252,61,170619,6511,324424,9271,GA,NSA
709,01/11/2003,427227,14315,1177,60,159268,7515,292189,10853,GA,NSA
710,01/12/2003,432069,14786,1218,62,177135,8430,329156,12499,GA,NSA
711,01/01/2004,402778,14488,1136,61,154735,6043,283772,8393,GA,NSA
712,01/02/2004,377273,11281,1064,49,144870,4072,264343,5770,GA,NSA
713,01/03/2004,461217,12235,1235,53,183355,4615,357701,6523,GA,NSA
714,01/04/2004,456791,14306,1205,60,183549,6586,359206,9857,GA,NSA
715,01/05/2004,471264,14782,1238,62,179567,7406,351965,10715,GA,NSA
716,01/06/2004,452369,14310,1194,60,200621,8559,396430,12046,GA,NSA
717,01/07/2004,462767,14550,1228,61,211263,9579,416646,13520,GA,NSA
718,01/08/2004,460780,14850,1225,62,208067,8921,400561,12426,GA,NSA
719,01/09/2004,406964,14403,1096,60,158329,5792,302573,7779,GA,NSA
720,01/10/2004,450525,14874,1207,62,176136,5750,346016,7819,GA,NSA
721,01/11/2004,440564,14408,1167,60,175162,6263,335658,8709,GA,NSA
722,01/12/2004,452098,15108,1200,63,180942,8720,342791,12762,GA,NSA
723,01/01/2005,451995,14599,1194,61,170816,7665,320239,10903,GA,NSA
724,01/02/2005,389333,5489,965,28,144047,2672,284811,3554,GA,NSA
725,01/03/2005,429692,6078,1068,31,183317,3696,367402,4882,GA,NSA
726,01/04/2005,418458,5882,1039,30,169839,3035,336446,3950,GA,NSA
727,01/05/2005,466061,6078,1105,31,177305,3252,363365,4248,GA,NSA
728,01/06/2005,457732,5882,1071,30,194150,3037,399208,4297,GA,NSA
729,01/07/2005,481762,6078,1115,31,214456,4117,437944,5749,GA,NSA
730,01/08/2005,472368,6078,1106,31,210196,3519,424231,4829,GA,NSA
731,01/09/2005,463731,5868,1118,30,162574,2149,329809,3172,GA,NSA
732,01/10/2005,481659,6064,1155,31,166444,3043,339631,4175,GA,NSA
733,01/11/2005,446299,5880,1081,30,166706,3309,335058,4620,GA,NSA
734,01/12/2005,442439,6066,1055,31,167610,4141,335945,5127,GA,NSA
735,01/01/2006,396321,5097,962,26,144256,2844,278619,3499,GA,NSA
736,01/02/2006,343767,3137,850,16,130727,1918,253743,2141,GA,NSA
737,01/03/2006,449270,6078,1084,31,181643,3195,361187,3743,GA,NSA
738,01/04/2006,433720,6573,1069,33,172603,4091,346173,5018,GA,NSA
739,01/05/2006,444161,7000,1135,35,160487,3386,315136,4165,GA,NSA
740,01/06/2006,473085,8385,1189,38,199352,4495,402302,6075,GA,NSA
741,01/07/2006,493247,10660,1213,41,213011,7161,429474,9634,GA,NSA
742,01/08/2006,486599,10007,1219,39,209113,5777,421206,7151,GA,NSA
743,01/09/2006,430735,9223,1095,40,152849,3900,306763,4330,GA,NSA
744,01/10/2006,450988,8538,1144,39,170926,4860,343886,5511,GA,NSA
745,01/11/2006,429807,8277,1093,37,168950,5741,336973,6726,GA,NSA
746,01/12/2006,452232,28141,1152,109,176534,16053,355192,24741,GA,NSA
747,01/01/2007,416842,39970,1098,151,150667,14760,292875,22273,GA,NSA
748,01/02/2007,366895,34224,975,126,139256,12106,272709,18620,GA,NSA
749,01/03/2007,439207,33994,1141,126,186792,14433,372783,23549,GA,NSA
750,01/04/2007,412178,31151,1111,115,177578,13607,351966,20722,GA,NSA
751,01/05/2007,409974,25196,1115,99,169634,12046,338167,17384,GA,NSA
752,01/06/2007,455328,35402,1263,136,206111,18321,412059,28517,GA,NSA
753,01/07/2007,491381,41753,1356,157,222675,23132,442844,36914,GA,NSA
754,01/08/2007,482010,36379,1329,138,218708,19334,433278,29243,GA,NSA
755,01/09/2007,436286,20034,1194,83,164986,9298,335461,12022,GA,NSA
756,01/10/2007,455068,18654,1240,80,180257,9593,364195,12480,GA,NSA
757,01/11/2007,456009,25315,1233,99,179147,13977,358532,20895,GA,NSA
758,01/12/2007,459799,32860,1239,127,181780,19484,364216,30380,GA,NSA
759,01/01/2008,407742,26727,1111,104,153492,13648,306428,20657,GA,NSA
760,01/02/2008,358011,24015,978,89,135804,10370,271187,15670,GA,NSA
761,01/03/2008,401651,32309,1100,120,172940,16509,347943,26225,GA,NSA
762,01/04/2008,376543,24611,1020,90,160064,12124,326117,18580,GA,NSA
763,01/05/2008,351418,24761,968,92,151302,13695,308748,19850,GA,NSA
764,01/06/2008,425974,30510,1125,105,189740,17660,390807,27270,GA,NSA
765,01/07/2008,445912,32048,1148,110,199851,18800,408949,29063,GA,NSA
766,01/08/2008,420556,22427,1089,79,189540,13269,384890,18345,GA,NSA
767,01/09/2008,355837,6723,933,30,150026,5013,303881,5233,GA,NSA
768,01/10/2008,375537,9406,996,44,160830,6439,324394,6955,GA,NSA
769,01/11/2008,368795,12390,982,52,156972,7486,312944,9106,GA,NSA
770,01/12/2008,389302,23630,1027,87,171996,13674,343489,20892,GA,NSA
771,01/01/2009,364834,18397,972,66,145251,8769,287875,12977,GA,NSA
772,01/02/2009,320399,17691,871,61,129653,7849,257361,12222,GA,NSA
773,01/03/2009,392190,18742,1029,58,166141,8330,332785,13752,GA,NSA
774,01/04/2009,371753,15561,982,47,163342,7701,330543,12920,GA,NSA
775,01/05/2009,364013,14045,982,46,160515,5657,328602,8730,GA,NSA
776,01/06/2009,371844,16868,1013,60,176099,10553,354309,15100,GA,NSA
777,01/07/2009,404125,99752,1119,108,191155,21746,378609,89066,GA,NSA
778,01/08/2009,388735,86963,1089,89,185304,15855,363304,60931,GA,NSA
779,01/09/2009,343822,62562,917,50,150309,8991,307185,46638,GA,NSA
780,01/10/2009,366479,66699,967,56,159315,11629,326172,58810,GA,NSA
781,01/11/2009,350393,76395,933,68,147522,12199,297067,57676,GA,NSA
782,01/12/2009,368809,97166,973,113,156010,20647,313340,84118,GA,NSA
783,01/01/2010,514585,167932,1526,130,214965,28157,408368,147735,GA,NSA
784,01/02/2010,458475,149888,1392,108,198126,22362,373616,121170,GA,NSA
785,01/03/2010,563372,145897,1668,104,261785,23435,498306,114790,GA,NSA
786,01/04/2010,554875,140127,1557,98,250343,21230,493298,108549,GA,NSA
787,01/05/2010,569975,146510,1555,97,248957,22109,492764,116254,GA,NSA
788,01/06/2010,598457,119582,1689,116,289606,23807,562549,106974,GA,NSA
789,01/07/2010,630367,127279,1794,134,299238,28316,580832,120934,GA,NSA
790,01/08/2010,617716,127464,1765,132,298705,25495,578388,108239,GA,NSA
791,01/09/2010,563310,111241,1622,83,245992,18071,481984,95853,GA,NSA
792,01/10/2010,583440,117181,1689,84,258474,19790,502379,108503,GA,NSA
793,01/11/2010,544141,138208,1577,96,239949,22520,462537,116121,GA,NSA
794,01/12/2010,558840,149367,1627,124,250484,27836,479507,131337,GA,NSA
795,01/01/2011,564944,151025,1631,134,233669,27095,450140,132710,GA,NSA
796,01/02/2011,520251,162537,1521,141,218321,25438,422025,128488,GA,NSA
797,01/03/2011,597260,193298,1787,177,274067,31053,526250,136282,GA,NSA
798,01/04/2011,547070,124773,1601,128,250797,23289,489331,103148,GA,NSA
799,01/05/2011,562395,147678,1629,128,258624,26078,506661,124087,GA,NSA
800,01/06/2011,589235,171564,1683,156,278558,29790,541868,141086,GA,NSA
801,01/07/2011,620443,177550,1734,164,291266,32633,569387,152605,GA,NSA
802,01/08/2011,605519,177645,1693,162,291505,29860,566521,146480,GA,NSA
803,01/09/2011,564344,160011,1600,130,253222,22869,500504,127693,GA,NSA
804,01/10/2011,590302,167062,1652,130,261814,23146,521237,131021,GA,NSA
805,01/11/2011,572695,153664,1569,130,251128,23058,505682,118771,GA,NSA
806,01/12/2011,555369,164131,1495,172,241400,31423,489549,140391,GA,NSA
807,01/01/2012,537691,158668,1473,141,226250,25869,462849,132774,GA,NSA
808,01/02/2012,507870,146874,1387,120,210342,22060,433386,119464,GA,NSA
809,01/03/2012,588562,166510,1642,152,264918,28931,535119,135803,GA,NSA
810,01/04/2012,561576,172442,1595,140,255511,24392,507746,119423,GA,NSA
811,01/05/2012,580084,179407,1639,127,258742,25952,516873,141043,GA,NSA
812,01/06/2012,606124,166620,1696,150,283161,30781,564402,148568,GA,NSA
813,01/07/2012,627049,166401,1759,161,289760,33419,574589,152998,GA,NSA
814,01/08/2012,629950,169100,1786,163,296418,30859,584134,141530,GA,NSA
815,01/09/2012,565770,154668,1615,121,239247,25284,472028,136528,GA,NSA
816,01/10/2012,585996,161574,1661,127,259754,24953,514428,136818,GA,NSA
817,01/11/2012,571629,158227,1588,130,253661,24552,502815,127989,GA,NSA
818,01/12/2012,555231,172858,1516,179,243032,33112,486791,148949,GA,NSA
819,01/01/2013,533737,161612,1587,141,236745,25645,457931,135317,GA,NSA
820,01/02/2013,485658,143600,1414,113,213613,21707,412913,123006,GA,NSA
821,01/03/2013,605698,163285,1796,134,284952,27294,546994,143146,GA,NSA
822,01/04/2013,592145,152827,1737,128,278121,22445,531700,116811,GA,NSA
823,01/05/2013,613471,156883,1809,128,288365,24971,546824,134410,GA,NSA
824,01/06/2013,633241,155425,1907,141,316286,29186,587565,141295,GA,NSA
825,01/07/2013,673123,190735,2086,252,330667,44875,607140,168901,GA,NSA
826,01/08/2013,676732,189989,2103,253,335049,41576,614212,160803,GA,NSA
827,01/09/2013,576021,176038,1743,209,263137,33660,490330,146597,GA,NSA
828,01/10/2013,602415,176057,1837,210,276648,34206,516257,150275,GA,NSA
829,01/11/2013,574818,175302,1706,217,248055,36703,465257,152501,GA,NSA
830,01/12/2013,605390,184232,1810,235,281912,42539,531868,168300,GA,NSA
831,01/01/2014,576143,208092,1695,256,260269,45249,497499,180941,GA,NSA
832,01/02/2014,508976,188200,1470,231,228118,39694,439152,163115,GA,NSA
833,01/03/2014,630674,219861,1766,263,296747,45846,570275,189165,GA,NSA
834,01/04/2014,640183,205898,1795,224,299396,38284,578993,157487,GA,NSA
835,01/05/2014,672000,213022,1855,231,304437,41305,598575,178548,GA,NSA
836,01/06/2014,677054,208253,1906,240,324467,46045,624605,179986,GA,NSA
837,01/07/2014,705475,239209,1972,320,333957,56171,643249,205934,GA,NSA
838,01/08/2014,716852,239116,2030,321,337992,51936,645111,199072,GA,NSA
839,01/09/2014,668696,225274,1900,295,291182,46223,564812,180218,GA,NSA
840,01/10/2014,694120,224319,1985,311,310932,48097,604080,185717,GA,NSA
841,01/11/2014,642431,246150,1860,336,282043,52378,545309,198190,GA,NSA
842,01/12/2014,649239,272779,1887,414,296149,68464,572209,237917,GA,NSA
843,01/01/2015,625218,285698,1823,457,269241,63325,513455,225819,GA,NSA
844,01/02/2015,567549,237799,1623,365,254813,51688,488666,190923,GA,NSA
845,01/03/2015,708019,268875,2091,412,340332,62593,639496,223598,GA,NSA
846,01/04/2015,687734,248505,1990,354,319652,51244,601815,184661,GA,NSA
847,01/05/2015,726128,263867,2126,362,338719,56368,638070,212035,GA,NSA
848,01/06/2015,755958,270238,2474,403,396026,68867,699207,237811,GA,NSA
849,01/07/2015,800228,324967,2659,445,413335,77834,727727,281516,GA,NSA
850,01/08/2015,813808,333649,2722,423,413862,72256,721421,285576,GA,NSA
851,01/09/2015,698318,299011,2506,340,349416,58268,605295,242697,GA,NSA
852,01/10/2015,727316,281248,2649,328,372976,59186,642244,245287,GA,NSA
853,01/11/2015,694619,257389,2636,311,352297,53969,599253,212937,GA,NSA
854,01/12/2015,692310,298615,2535,386,348428,69870,599605,264692,GA,NSA
855,01/01/2016,671875,299857,2618,390,335674,65159,562677,254740,GA,NSA
856,01/02/2016,641909,271663,2518,338,319142,56348,532855,233992,GA,NSA
857,01/03/2016,759179,292141,2970,361,403692,64777,676554,251056,GA,NSA
858,01/04/2016,773380,282417,3071,348,406396,56324,670860,216940,GA,NSA
859,01/05/2016,817048,274209,3174,326,428155,58633,714696,233872,GA,NSA
860,01/06/2016,849431,284097,3323,346,473972,67496,778380,257109,GA,NSA
861,01/07/2016,898965,294894,3462,361,491635,68450,804899,263600,GA,NSA
862,01/08/2016,872330,282772,3381,345,461432,60706,758816,244837,GA,NSA
863,01/09/2016,730868,260606,2842,296,388290,55046,649934,229890,GA,NSA
864,01/10/2016,740289,261898,2888,297,395805,56619,662672,234622,GA,NSA
865,01/11/2016,681631,218149,2629,260,365484,48635,610879,190207,GA,NSA
866,01/12/2016,718751,263533,2714,367,375791,66516,639189,234504,GA,NSA
867,01/01/2017,661694,,2326,,320928,,558906,,GA,NSA
868,01/02/2017,613007,,2158,,298584,,522787,,GA,NSA
869,01/03/2017,765187,,2666,,391799,,691275,,GA,NSA
870,01/10/2002,833788,274514,3257,248,344439,48353,560011,239867,AA,NSA
871,01/11/2002,776764,266952,3018,239,332760,47199,523299,222103,AA,NSA
872,01/12/2002,834240,280750,3219,258,394772,51693,630767,240815,AA,NSA
873,01/01/2003,814392,280727,3159,261,351436,51244,562675,244018,AA,NSA
874,01/02/2003,712123,244192,2788,222,307248,43568,494869,207809,AA,NSA
875,01/03/2003,809949,265936,3163,244,360295,42447,588826,194981,AA,NSA
876,01/04/2003,735914,196870,2918,185,342323,29373,556939,137506,AA,NSA
877,01/05/2003,741439,200609,2997,185,350501,35614,564396,169184,AA,NSA
878,01/06/2003,748545,196591,2981,186,374409,37816,623043,172906,AA,NSA
879,01/07/2003,814365,203123,3176,194,396722,39519,656010,182561,AA,NSA
880,01/08/2003,784996,204052,3102,196,395401,38606,649671,171051,AA,NSA
881,01/09/2003,708246,195734,2880,180,294159,33516,469027,159108,AA,NSA
882,01/10/2003,736448,214899,2980,186,316958,36398,509835,181844,AA,NSA
883,01/11/2003,730808,207884,2897,188,323008,39050,512131,184766,AA,NSA
884,01/12/2003,787444,217833,3117,198,366998,40343,594983,189114,AA,NSA
885,01/01/2004,785966,219484,3043,199,326983,39768,528386,189928,AA,NSA
886,01/02/2004,730063,198279,2854,174,322835,33819,518090,166090,AA,NSA
887,01/03/2004,802636,211727,3122,186,383143,37999,616424,180582,AA,NSA
888,01/04/2004,799635,207830,3097,180,397745,34601,643115,161305,AA,NSA
889,01/05/2004,786935,214908,3153,186,388540,37582,619545,179900,AA,NSA
890,01/06/2004,803698,205562,3228,178,422536,40479,688918,186699,AA,NSA
891,01/07/2004,828395,214781,3353,186,438084,41668,711898,190636,AA,NSA
892,01/08/2004,831113,212333,3373,185,442094,40914,715791,181902,AA,NSA
893,01/09/2004,731527,205476,3070,180,345831,35627,546608,166478,AA,NSA
894,01/10/2004,752844,207053,3137,184,364917,37440,577695,178169,AA,NSA
895,01/11/2004,681010,204869,2891,180,347728,36775,544808,166407,AA,NSA
896,01/12/2004,703637,230282,2974,195,364286,41776,568345,193967,AA,NSA
897,01/01/2005,633131,248624,2725,204,319788,41725,495793,203079,AA,NSA
898,01/02/2005,592920,223176,2502,184,293890,36483,461315,177081,AA,NSA
899,01/03/2005,687836,238442,2833,200,363567,41659,584038,192656,AA,NSA
900,01/04/2005,637991,204038,2699,184,337428,36380,522497,166342,AA,NSA
901,01/05/2005,658106,211700,2827,186,353575,38464,543085,179888,AA,NSA
902,01/06/2005,675445,231879,2800,229,385617,46026,610057,211723,AA,NSA
903,01/07/2005,704176,245187,2899,247,388237,47490,620978,212229,AA,NSA
904,01/08/2005,694603,245198,2917,247,387002,46367,613122,205715,AA,NSA
905,01/09/2005,626700,215779,2744,216,317383,40575,492153,184585,AA,NSA
906,01/10/2005,647207,214931,2860,216,340369,41557,528893,187565,AA,NSA
907,01/11/2005,650334,208065,2815,209,344390,41196,531548,182614,AA,NSA
908,01/12/2005,684615,238674,2910,227,357531,45380,559832,204981,AA,NSA
909,01/01/2006,658791,249584,2830,233,318159,46886,494014,216797,AA,NSA
910,01/02/2006,634910,228679,2693,213,309780,41398,489892,183418,AA,NSA
911,01/03/2006,729089,253297,2995,238,374726,47051,601822,207176,AA,NSA
912,01/04/2006,711652,244021,2861,232,378915,42279,603523,185229,AA,NSA
913,01/05/2006,717336,210901,3001,198,379495,39385,592150,184297,AA,NSA
914,01/06/2006,731865,242191,2957,255,398158,50290,636774,223811,AA,NSA
915,01/07/2006,756672,260405,3053,283,413644,52962,661983,227234,AA,NSA
916,01/08/2006,754298,261567,3161,283,402623,52192,634264,227496,AA,NSA
917,01/09/2006,643331,241645,2868,232,323817,41556,495411,203077,AA,NSA
918,01/10/2006,658343,234324,2963,220,347233,41793,532516,195128,AA,NSA
919,01/11/2006,655304,208544,2879,196,343839,40352,526720,181714,AA,NSA
920,01/12/2006,679612,232650,2927,216,353733,43930,557126,197006,AA,NSA
921,01/01/2007,655252,246567,2807,208,320007,43824,503113,210451,AA,NSA
922,01/02/2007,592376,224300,2535,193,301248,38798,463517,182297,AA,NSA
923,01/03/2007,688762,242356,2946,216,382097,43745,588491,199079,AA,NSA
924,01/04/2007,650320,208409,2781,195,375025,37764,575688,165918,AA,NSA
925,01/05/2007,654601,212148,2826,197,369459,38634,570253,171789,AA,NSA
926,01/06/2007,652330,208926,2702,219,373488,44629,599675,186124,AA,NSA
927,01/07/2007,686599,222286,2791,231,368874,46867,607179,195874,AA,NSA
928,01/08/2007,695428,225288,2856,234,380098,45914,626216,188046,AA,NSA
929,01/09/2007,564284,206455,2488,186,282432,36340,447534,171072,AA,NSA
930,01/10/2007,619578,221332,2690,193,318345,38666,503168,182600,AA,NSA
931,01/11/2007,614574,281589,2589,214,314680,43400,499892,212076,AA,NSA
932,01/12/2007,641561,332421,2607,253,313719,54933,508796,277647,AA,NSA
933,01/01/2008,577227,338793,2359,261,268373,50830,433717,272485,AA,NSA
934,01/02/2008,573599,300744,2338,239,268175,42732,431720,218690,AA,NSA
935,01/03/2008,637649,311262,2547,227,324424,45797,532541,233961,AA,NSA
936,01/04/2008,595720,296400,2384,218,312127,41121,514520,203726,AA,NSA
937,01/05/2008,608195,308095,2415,228,318781,45885,525458,232032,AA,NSA
938,01/06/2008,640756,308325,2518,240,345392,51945,580536,260972,AA,NSA
939,01/07/2008,685734,291500,2661,240,351502,50181,596667,241850,AA,NSA
940,01/08/2008,661679,292332,2571,262,355486,51712,591139,232160,AA,NSA
941,01/09/2008,523446,212710,2111,156,262961,33682,416822,173640,AA,NSA
942,01/10/2008,536081,210233,2205,152,283340,34224,453079,170916,AA,NSA
943,01/11/2008,489758,175899,1905,124,240626,27320,391689,135311,AA,NSA
944,01/12/2008,536039,237125,2049,165,271439,34336,449799,177562,AA,NSA
945,01/01/2009,503152,226370,1951,159,240380,30935,395314,171164,AA,NSA
946,01/02/2009,489357,174508,1905,126,238562,23931,396128,124608,AA,NSA
947,01/03/2009,566975,195322,2240,139,292851,27980,482564,139124,AA,NSA
948,01/04/2009,557809,192144,2160,135,297830,28754,488514,140854,AA,NSA
949,01/05/2009,557943,195877,2188,127,297162,27698,487652,144653,AA,NSA
950,01/06/2009,585765,195441,2328,137,326191,34982,546437,176722,AA,NSA
951,01/07/2009,635139,206632,2513,157,344038,38094,573669,183273,AA,NSA
952,01/08/2009,636025,207164,2479,164,342822,38661,570235,174559,AA,NSA
953,01/09/2009,491676,174553,2039,131,257637,29505,414368,151751,AA,NSA
954,01/10/2009,520916,178394,2114,133,280794,30816,454642,159926,AA,NSA
955,01/11/2009,496686,168091,1951,127,256271,27839,414156,145094,AA,NSA
956,01/12/2009,541334,178993,2073,145,274528,30341,452992,159168,AA,NSA
957,01/01/2010,594703,181258,2057,143,264834,28602,438269,154155,AA,NSA
958,01/02/2010,472178,164107,1850,132,238234,26963,389011,135346,AA,NSA
959,01/03/2010,568091,182718,2192,138,294296,29413,495792,149661,AA,NSA
960,01/04/2010,553614,180765,2064,127,286819,28951,483031,135083,AA,NSA
961,01/05/2010,566351,199966,2108,142,291993,32831,492111,158322,AA,NSA
962,01/06/2010,610232,202883,2264,171,328424,39524,567753,180126,AA,NSA
963,01/07/2010,642140,213613,2363,191,328922,40670,575921,190094,AA,NSA
964,01/08/2010,632451,211480,2340,178,337845,41620,580701,187989,AA,NSA
965,01/09/2010,526260,194950,2071,136,274939,33260,448441,169787,AA,NSA
966,01/10/2010,560601,202127,2184,180,300806,36568,487345,174832,AA,NSA
967,01/11/2010,527224,183722,1963,186,267907,33394,443438,156112,AA,NSA
968,01/12/2010,532029,273375,1984,220,267199,41985,454640,219757,AA,NSA
969,01/01/2011,492574,243628,1932,238,243694,40143,399493,206868,AA,NSA
970,01/02/2011,447774,178762,1762,200,225784,30375,368073,139314,AA,NSA
971,01/03/2011,527186,204531,2054,245,275169,36887,461179,152933,AA,NSA
972,01/04/2011,504990,202024,1925,244,265423,38549,441434,157739,AA,NSA
973,01/05/2011,507622,219991,1964,258,272944,43832,447916,185858,AA,NSA
974,01/06/2011,571373,245660,2144,270,310917,49332,533363,218355,AA,NSA
975,01/07/2011,609036,262411,2257,284,324907,53181,564854,230820,AA,NSA
976,01/08/2011,599301,258529,2223,266,317407,50629,543754,220248,AA,NSA
977,01/09/2011,459901,240728,1895,220,256495,39283,408541,193501,AA,NSA
978,01/10/2011,468450,236719,1928,204,262963,39375,414128,201970,AA,NSA
979,01/11/2011,434713,223622,1714,208,237204,36057,381134,168937,AA,NSA
980,01/12/2011,517180,239691,1950,235,268507,42140,453152,198613,AA,NSA
981,01/01/2012,657759,258905,2439,305,327501,49951,551020,204560,AA,NSA
982,01/02/2012,627878,243589,2327,286,307049,44647,516235,187632,AA,NSA
983,01/03/2012,732581,268513,2615,315,368890,50188,645758,206677,AA,NSA
984,01/04/2012,716332,245144,2600,268,361476,48128,627861,200579,AA,NSA
985,01/05/2012,745732,263085,2654,282,369863,52777,651454,227176,AA,NSA
986,01/06/2012,836627,245342,2958,269,424352,51054,748476,217697,AA,NSA
987,01/07/2012,877073,264129,3071,283,439266,56087,778839,236441,AA,NSA
988,01/08/2012,847222,257297,3004,263,437196,51285,766628,225230,AA,NSA
989,01/09/2012,682119,242600,2470,224,329893,42795,556494,208541,AA,NSA
990,01/10/2012,666253,245797,2452,226,343538,42521,575266,209651,AA,NSA
991,01/11/2012,630367,231171,2305,240,320466,41081,541433,181714,AA,NSA
992,01/12/2012,705468,246126,2491,264,348350,46866,610772,201144,AA,NSA
993,01/01/2013,632020,256101,2301,276,313399,44402,526114,200639,AA,NSA
994,01/02/2013,564821,229967,2109,247,285455,39241,475440,178893,AA,NSA
995,01/03/2013,676106,251050,2424,278,350472,48768,603239,209059,AA,NSA
996,01/04/2013,705941,252729,2510,273,354207,46893,618879,199666,AA,NSA
997,01/05/2013,778526,266665,2735,283,391439,52114,692309,228473,AA,NSA
998,01/06/2013,894639,254060,3105,272,457768,52847,814240,226786,AA,NSA
999,01/07/2013,932850,268852,3215,289,466082,56366,837321,244469,AA,NSA
1000,01/08/2013,884197,243841,3119,272,455288,48594,806291,217029,AA,NSA
1001,01/09/2013,727822,224809,2694,216,342512,39030,598616,191842,AA,NSA
1002,01/10/2013,745681,235488,2723,232,365546,40848,630070,196053,AA,NSA
1003,01/11/2013,706535,217651,2570,246,341864,41084,582791,171358,AA,NSA
1004,01/12/2013,770879,233868,2757,264,398524,45827,689639,189898,AA,NSA
1005,01/01/2014,671932,236677,2458,262,342602,43015,579894,193074,AA,NSA
1006,01/02/2014,585969,211233,2182,232,301081,37233,497586,171531,AA,NSA
1007,01/03/2014,731110,248933,2573,316,374412,48893,646450,199086,AA,NSA
1008,01/04/2014,703429,211175,2551,276,364510,43304,619943,177227,AA,NSA
1009,01/05/2014,785350,224785,2780,294,403036,47715,699116,202058,AA,NSA
1010,01/06/2014,872698,220235,3032,301,448152,50971,800002,198300,AA,NSA
1011,01/07/2014,924399,226088,3200,309,465316,52238,827628,205918,AA,NSA
1012,01/08/2014,867028,224190,3046,276,450984,47123,788757,200194,AA,NSA
1013,01/09/2014,715521,204544,2641,207,348800,36696,591924,182972,AA,NSA
1014,01/10/2014,739868,218452,2727,219,360493,37132,612785,184001,AA,NSA
1015,01/11/2014,680360,247791,2498,234,335384,39913,564424,201215,AA,NSA
1016,01/12/2014,744310,268385,2635,266,376366,47188,655052,226128,AA,NSA
1017,01/01/2015,628276,263673,2333,231,321136,40560,533909,221559,AA,NSA
1018,01/02/2015,565409,232718,2105,197,289044,33748,478575,187123,AA,NSA
1019,01/03/2015,694751,271400,2462,254,358287,44031,610881,217123,AA,NSA
1020,01/04/2015,689537,263142,2393,251,340314,40160,586091,192662,AA,NSA
1021,01/05/2015,758099,287223,2616,278,369698,47244,645772,226459,AA,NSA
1022,01/06/2015,844161,293402,2726,297,414291,55479,761082,252009,AA,NSA
1023,01/07/2015,876577,305448,2842,321,432659,59390,783914,270031,AA,NSA
1024,01/08/2015,840820,298535,2755,299,422681,54332,747722,252527,AA,NSA
1025,01/09/2015,718779,270462,2434,215,353723,40233,601985,222553,AA,NSA
1026,01/10/2015,741729,283066,2555,232,376889,43263,635247,235981,AA,NSA
1027,01/11/2015,634279,273074,2209,263,323186,44664,541820,216932,AA,NSA
1028,01/12/2015,704157,296643,2327,285,352297,51529,608672,242591,AA,NSA
1029,01/01/2016,566080,281667,1965,236,287177,41851,474203,232981,AA,NSA
1030,01/02/2016,553740,263075,1920,206,274736,37126,454909,210864,AA,NSA
1031,01/03/2016,640190,278214,2249,244,337443,42556,566485,211259,AA,NSA
1032,01/04/2016,636807,277342,2259,249,322756,41591,539197,205123,AA,NSA
1033,01/05/2016,709411,293322,2475,272,368417,48367,625532,232602,AA,NSA
1034,01/06/2016,754536,290619,2501,287,397025,56481,694817,260782,AA,NSA
1035,01/07/2016,790267,299669,2663,308,414390,60256,714726,274134,AA,NSA
1036,01/08/2016,783369,281861,2691,262,401568,49062,685590,240304,AA,NSA
1037,01/09/2016,689452,265130,2389,212,348279,39966,595289,219790,AA,NSA
1038,01/10/2016,724121,277561,2544,231,382550,43219,642276,232310,AA,NSA
1039,01/11/2016,649465,276025,2317,268,353007,47563,572154,223725,AA,NSA
1040,01/12/2016,697727,300747,2356,310,365522,55867,615338,248981,AA,NSA
1041,01/01/2017,593280,,2063,,313046,,508970,,AA,NSA
1042,01/02/2017,523853,,1858,,274105,,439238,,AA,NSA
1043,01/03/2017,628311,,2196,,341045,,562927,,AA,NSA
1044,01/10/2002,260893,6254,1931,186,175018,9607,174821,3307,FA,AMP
1045,01/11/2002,271253,5639,1998,170,182205,8562,183341,2951,FA,AMP
1046,01/12/2002,277273,5145,2016,155,201904,8066,206526,2718,FA,AMP
1047,01/01/2003,276264,4968,1954,158,168528,7044,173298,2363,FA,AMP
1048,01/02/2003,234144,3977,1653,126,157524,6690,162800,2126,FA,AMP
1049,01/03/2003,275947,5668,1932,169,175080,7635,181991,2531,FA,AMP
1050,01/04/2003,265841,5544,1867,165,181183,6456,187327,1966,FA,AMP
1051,01/05/2003,268552,5404,1888,160,190858,7415,194466,2457,FA,AMP
1052,01/06/2003,266312,5355,1877,156,192341,8843,194887,2932,FA,AMP
1053,01/07/2003,280939,5218,1960,152,212363,10426,217494,3640,FA,AMP
1054,01/08/2003,269460,5197,1883,149,211302,10941,215720,3961,FA,AMP
1055,01/09/2003,256742,4928,1792,148,158560,9269,160126,3268,FA,AMP
1056,01/10/2003,283112,5268,1966,159,192235,8892,196903,3111,FA,AMP
1057,01/11/2003,258586,4480,1809,135,184349,7361,191507,2583,FA,AMP
1058,01/12/2003,262365,4542,1844,137,198413,7191,207881,2480,FA,AMP
1059,01/01/2004,272146,3313,1843,78,170969,3941,179491,1358,FA,AMP
1060,01/02/2004,264417,3031,1770,66,179229,3525,186941,1190,FA,AMP
1061,01/03/2004,287164,3398,1915,74,207770,4876,217459,1655,FA,AMP
1062,01/04/2004,284580,3307,1915,72,211545,5827,219466,1968,FA,AMP
1063,01/05/2004,276879,4026,1875,79,195759,6784,202114,2404,FA,AMP
1064,01/06/2004,269444,4163,1854,82,202152,7174,207340,2510,FA,AMP
1065,01/07/2004,272034,5491,1863,92,214281,7874,221861,3331,FA,AMP
1066,01/08/2004,277747,5093,1911,92,221436,9743,227729,3976,FA,AMP
1067,01/09/2004,251149,3628,1718,79,172212,8212,175895,2789,FA,AMP
1068,01/10/2004,278633,3582,1882,78,203369,7132,209114,2349,FA,AMP
1069,01/11/2004,272377,3468,1855,73,194963,4886,200739,1724,FA,AMP
1070,01/12/2004,284541,4120,1929,80,210318,5826,218950,2207,FA,AMP
1071,01/01/2005,265458,4542,1788,80,180542,4959,189209,1908,FA,AMP
1072,01/02/2005,252186,4191,1706,74,184362,4736,192340,2067,FA,AMP
1073,01/03/2005,283275,4564,1909,81,217666,5562,227886,2620,FA,AMP
1074,01/04/2005,280013,5106,1856,85,216956,6151,224826,2759,FA,AMP
1075,01/05/2005,290805,5357,1906,88,218874,7209,227303,2886,FA,AMP
1076,01/06/2005,265904,5217,1798,86,214090,7851,217689,3180,FA,AMP
1077,01/07/2005,266544,5926,1818,96,218818,8967,224827,3811,FA,AMP
1078,01/08/2005,271324,5114,1856,88,217873,9023,222465,3563,FA,AMP
1079,01/09/2005,259398,3643,1762,71,188238,5816,190299,1921,FA,AMP
1080,01/10/2005,257383,3682,1757,72,197328,5638,199885,1880,FA,AMP
1081,01/11/2005,273969,3375,1862,66,218959,5752,223383,1950,FA,AMP
1082,01/12/2005,286726,3103,1948,61,228149,4477,235856,1456,FA,AMP
1083,01/01/2006,292624,2629,1983,52,201130,3552,207932,1156,FA,AMP
1084,01/02/2006,254981,2325,1735,46,186268,3287,192230,1011,FA,AMP
1085,01/03/2006,297080,2677,2025,53,227976,4517,235461,1337,FA,AMP
1086,01/04/2006,270795,2721,1841,54,223293,3909,226102,1258,FA,AMP
1087,01/05/2006,279061,2871,1898,57,224811,5702,227159,1911,FA,AMP
1088,01/06/2006,261047,2822,1785,56,218565,5895,220930,1938,FA,AMP
1089,01/07/2006,250389,2770,1708,55,212850,5754,216738,1853,FA,AMP
1090,01/08/2006,264225,2923,1813,58,213161,7078,216698,2173,FA,AMP
1091,01/09/2006,248111,2629,1688,52,181487,5637,183103,1885,FA,AMP
1092,01/10/2006,261053,2677,1762,53,204378,5155,208060,1677,FA,AMP
1093,01/11/2006,245956,2576,1656,51,200710,5276,204200,1709,FA,AMP
1094,01/12/2006,258013,2629,1726,52,208134,4878,215153,1511,FA,AMP
1095,01/01/2007,256784,2730,1733,54,185191,3735,188824,1157,FA,AMP
1096,01/02/2007,223066,2374,1496,47,166161,4053,170299,1239,FA,AMP
1097,01/03/2007,249151,2428,1671,48,200658,4559,205958,1377,FA,AMP
1098,01/04/2007,250327,2838,1717,56,203943,5119,205202,1539,FA,AMP
1099,01/05/2007,264724,3103,1839,61,217854,5938,217515,1860,FA,AMP
1100,01/06/2007,246015,2808,1702,55,218011,6650,217258,2069,FA,AMP
1101,01/07/2007,254774,3007,1769,59,230592,7736,230675,2349,FA,AMP
1102,01/08/2007,265126,3010,1836,59,236901,7274,236407,2203,FA,AMP
1103,01/09/2007,255950,2543,1752,50,189957,4897,190147,1535,FA,AMP
1104,01/10/2007,265580,2647,1808,52,208597,5110,210039,1690,FA,AMP
1105,01/11/2007,255644,2646,1735,52,204171,4718,205862,1544,FA,AMP
1106,01/12/2007,252326,2552,1712,50,199190,4346,203672,1419,FA,AMP
1107,01/01/2008,259396,2760,1766,54,180966,3890,185647,1237,FA,AMP
1108,01/02/2008,226704,2300,1547,45,166795,4487,169855,1472,FA,AMP
1109,01/03/2008,255927,2553,1748,50,198366,4121,201383,1346,FA,AMP
1110,01/04/2008,244606,2442,1674,48,188315,3102,189416,1028,FA,AMP
1111,01/05/2008,259953,2654,1795,52,200336,4400,201822,1396,FA,AMP
1112,01/06/2008,231438,2193,1610,43,192023,4247,192778,1282,FA,AMP
1113,01/07/2008,253096,2596,1752,51,211045,4899,214561,1339,FA,AMP
1114,01/08/2008,254769,2458,1747,48,206570,5466,210448,1539,FA,AMP
1115,01/09/2008,241780,2592,1615,52,161138,3058,164013,1077,FA,AMP
1116,01/10/2008,257481,2642,1699,53,178727,2946,182703,1049,FA,AMP
1117,01/11/2008,223586,2187,1420,44,158108,3389,164409,1216,FA,AMP
1118,01/12/2008,227638,2241,1440,45,175800,3581,185401,1280,FA,AMP
1119,01/01/2009,220615,2092,1393,42,137224,2326,144591,832,FA,AMP
1120,01/02/2009,201449,2043,1270,41,133911,1792,140140,643,FA,AMP
1121,01/03/2009,227324,2392,1438,48,161890,2784,168657,998,FA,AMP
1122,01/04/2009,216905,2143,1382,43,164736,2196,171112,795,FA,AMP
1123,01/05/2009,218686,2293,1392,46,159901,2739,166231,982,FA,AMP
1124,01/06/2009,215756,2592,1379,52,172713,3268,177585,1177,FA,AMP
1125,01/07/2009,225440,2741,1440,55,192508,4982,199065,1780,FA,AMP
1126,01/08/2009,220901,2193,1420,44,189527,4041,194145,1447,FA,AMP
1127,01/09/2009,195456,,1285,,149364,,152542,,FA,AMP
1128,01/10/2009,200860,,1323,,163475,,166454,,FA,AMP
1129,01/11/2009,196077,,1273,,156754,,160730,,FA,AMP
1130,01/12/2009,209422,,1340,,166823,,174304,,FA,AMP
1131,01/01/2010,206112,,1311,,139756,,146389,,FA,AMP
1132,01/02/2010,173155,,1107,,125738,36,130581,,FA,AMP
1133,01/03/2010,214980,,1378,,172827,70,179741,,FA,AMP
1134,01/04/2010,210120,,1335,,165586,10,170206,,FA,AMP
1135,01/05/2010,209578,,1328,,173163,,178898,,FA,AMP
1136,01/06/2010,205464,,1311,,177388,,181530,,FA,AMP
1137,01/07/2010,214206,,1366,,187140,,192003,,FA,AMP
1138,01/08/2010,218002,,1400,,188864,230,193818,,FA,AMP
1139,01/09/2010,205021,,1336,,156197,761,160457,,FA,AMP
1140,01/10/2010,208784,,1361,,169469,928,174328,,FA,AMP
1141,01/11/2010,207274,,1321,,160846,553,167854,,FA,AMP
1142,01/12/2010,200362,,1255,,159190,300,168091,,FA,AMP
1143,01/01/2011,198202,,1259,,130438,172,137740,,FA,AMP
1144,01/02/2011,180559,,1152,,122418,176,129319,,FA,AMP
1145,01/03/2011,217380,,1400,,151987,228,160072,,FA,AMP
1146,01/04/2011,208792,,1332,,161502,423,167514,,FA,AMP
1147,01/05/2011,201322,,1291,,164112,404,170582,,FA,AMP
1148,01/06/2011,204898,,1310,,165230,219,170920,,FA,AMP
1149,01/07/2011,210968,,1345,,174812,183,182075,,FA,AMP
1150,01/08/2011,201300,,1275,,172098,282,179368,,FA,AMP
1151,01/09/2011,192148,,1173,,148054,83,153671,,FA,AMP
1152,01/10/2011,186907,,1149,,154054,79,159753,,FA,AMP
1153,01/11/2011,195911,,1187,,157714,44,165915,,FA,AMP
1154,01/12/2011,207004,,1238,,157365,,170403,,FA,AMP
1155,01/01/2012,202257,,1217,,135409,,144026,,FA,AMP
1156,01/02/2012,195323,,1199,,127719,65,135599,,FA,AMP
1157,01/03/2012,212967,,1320,,156672,74,166952,,FA,AMP
1158,01/04/2012,210416,,1317,,162982,1,169045,,FA,AMP
1159,01/05/2012,219200,,1362,,172266,,180419,,FA,AMP
1160,01/06/2012,201298,,1256,,161504,,168852,,FA,AMP
1161,01/07/2012,200527,,1280,,168825,,177363,,FA,AMP
1162,01/08/2012,204419,,1309,,174386,,183024,,FA,AMP
1163,01/09/2012,193122,,1227,,146179,,149999,,FA,AMP
1164,01/10/2012,189791,,1213,,150525,,154891,,FA,AMP
1165,01/11/2012,192281,,1206,,144040,,149535,,FA,AMP
1166,01/12/2012,197324,,1238,,156269,,166158,,FA,AMP
1167,01/01/2013,190590,,1215,,139034,,146609,,FA,AMP
1168,01/02/2013,170855,,1092,,123983,,130838,,FA,AMP
1169,01/03/2013,191639,,1235,,149814,,159555,,FA,AMP
1170,01/04/2013,187037,,1253,,144297,75,149181,,FA,AMP
1171,01/05/2013,193989,,1306,,155886,98,161778,,FA,AMP
1172,01/06/2013,187098,,1265,,156366,27,161854,,FA,AMP
1173,01/07/2013,192206,,1305,,166627,,173554,,FA,AMP
1174,01/08/2013,199070,,1349,,170382,,176169,,FA,AMP
1175,01/09/2013,187468,,1249,,140671,,146883,,FA,AMP
1176,01/10/2013,198834,,1327,,159095,,166343,,FA,AMP
1177,01/11/2013,187088,,1225,,142911,,150947,,FA,AMP
1178,01/12/2013,192424,,1221,,155729,,167494,,FA,AMP
1179,01/01/2014,188925,,1173,,132143,,143167,,FA,AMP
1180,01/02/2014,166539,,1043,,123845,,131660,,FA,AMP
1181,01/03/2014,197083,,1232,,145182,,155824,,FA,AMP
1182,01/04/2014,199320,,1270,,156171,,164238,,FA,AMP
1183,01/05/2014,190039,,1206,,156118,,163921,,FA,AMP
1184,01/06/2014,183944,,1172,,154203,,161915,,FA,AMP
1185,01/07/2014,189194,,1203,,162861,,172477,,FA,AMP
1186,01/08/2014,187906,,1200,,159038,,166995,,FA,AMP
1187,01/09/2014,176766,,1124,,129712,,136253,,FA,AMP
1188,01/10/2014,183302,,1165,,144376,,151020,,FA,AMP
1189,01/11/2014,188275,,1157,,138137,,144734,,FA,AMP
1190,01/12/2014,209669,,1246,,164415,,176836,,FA,AMP
1191,01/01/2015,185989,,1106,,125518,,134850,,FA,AMP
1192,01/02/2015,166057,,989,,122384,,130456,,FA,AMP
1193,01/03/2015,195059,,1159,,141887,,151588,,FA,AMP
1194,01/04/2015,197364,,1181,,150056,,158189,,FA,AMP
1195,01/05/2015,197329,,1181,,156394,,164821,,FA,AMP
1196,01/06/2015,197803,,1178,,167269,,177240,,FA,AMP
1197,01/07/2015,247934,,2275,,280709,162,228798,,FA,AMP
1198,01/08/2015,242935,,2254,,269869,346,221568,,FA,AMP
1199,01/09/2015,236381,,2201,,248542,86,204340,,FA,AMP
1200,01/10/2015,236726,,2231,,262849,20,214657,,FA,AMP
1201,01/11/2015,212804,,2009,,234314,22,192334,,FA,AMP
1202,01/12/2015,220581,,1941,,237772,13,200957,,FA,AMP
1203,01/01/2016,205994,,1951,,205214,342,172840,,FA,AMP
1204,01/02/2016,208401,,1983,,203997,627,172249,,FA,AMP
1205,01/03/2016,230917,,2240,,238695,539,196465,,FA,AMP
1206,01/04/2016,224078,,2149,,249109,692,197563,,FA,AMP
1207,01/05/2016,233241,,2226,,255656,855,201795,,FA,AMP
1208,01/06/2016,237528,,2274,,277317,946,212705,,FA,AMP
1209,01/07/2016,236951,,2223,,279829,1123,220334,,FA,AMP
1210,01/08/2016,243051,,2320,,261695,1683,211108,,FA,AMP
1211,01/09/2016,236472,,2210,,225846,844,185005,,FA,AMP
1212,01/10/2016,238824,,2228,,242508,738,198952,,FA,AMP
1213,01/11/2016,230316,,1941,,223494,174,192088,,FA,AMP
1214,01/12/2016,226251,,1740,,214941,215,192176,,FA,AMP
1215,01/01/2017,215046,,1758,,188969,,168527,,FA,AMP
1216,01/02/2017,190827,,1609,,169076,,148292,,FA,AMP
1217,01/03/2017,216369,,1797,,206564,,176530,,FA,AMP
1218,01/10/2002,206414,6940,2071,35,225906,3658,144611,4038,GA,AMP
1219,01/11/2002,195626,9115,1938,35,217477,5274,139188,5822,GA,AMP
1220,01/12/2002,191899,9029,1798,34,219456,4812,150501,5312,GA,AMP
1221,01/01/2003,198840,9287,1947,35,183175,3859,120345,4260,GA,AMP
1222,01/02/2003,166877,7896,1653,30,167101,4818,112653,5319,GA,AMP
1223,01/03/2003,194177,9452,1940,36,189101,6945,127267,7667,GA,AMP
1224,01/04/2003,187204,9009,1750,34,204132,6195,138645,6839,GA,AMP
1225,01/05/2003,199234,7618,1857,30,205530,4233,136601,4673,GA,AMP
1226,01/06/2003,191876,8858,1922,34,210969,4461,140160,4925,GA,AMP
1227,01/07/2003,191815,6981,1913,35,222894,5177,155122,5715,GA,AMP
1228,01/08/2003,198328,6638,1887,34,228500,5213,166016,5755,GA,AMP
1229,01/09/2003,194603,6020,1854,30,182782,1872,118747,2067,GA,AMP
1230,01/10/2003,207652,6232,2024,31,226406,3620,152704,3996,GA,AMP
1231,01/11/2003,197023,6721,1905,35,215823,4564,149292,5039,GA,AMP
1232,01/12/2003,186194,6352,1742,33,208327,3902,152118,4308,GA,AMP
1233,01/01/2004,188056,5484,1836,29,176674,2966,126014,3274,GA,AMP
1234,01/02/2004,188951,6122,1865,31,192224,4358,135015,4811,GA,AMP
1235,01/03/2004,199482,7062,2008,35,209670,5210,145158,5752,GA,AMP
1236,01/04/2004,198474,7270,1984,34,228484,5798,155698,6160,GA,AMP
1237,01/05/2004,196885,6883,1970,36,215213,3858,146404,4160,GA,AMP
1238,01/06/2004,206098,6553,1973,34,228270,4118,156502,4546,GA,AMP
1239,01/07/2004,208956,6902,1946,36,223462,5266,163259,5814,GA,AMP
1240,01/08/2004,209716,7007,1981,35,225759,5542,167645,6118,GA,AMP
1241,01/09/2004,175752,5034,1794,25,172156,1492,110937,1647,GA,AMP
1242,01/10/2004,209742,5822,2028,29,216244,3435,145966,3635,GA,AMP
1243,01/11/2004,206986,6796,1949,34,216304,4156,148796,4588,GA,AMP
1244,01/12/2004,190944,6749,1857,35,213682,4062,150085,4484,GA,AMP
1245,01/01/2005,176834,6687,1769,35,179851,3523,126408,3889,GA,AMP
1246,01/02/2005,166450,6403,1646,32,178580,4088,124461,4455,GA,AMP
1247,01/03/2005,180298,6641,1798,33,205822,5175,142242,5650,GA,AMP
1248,01/04/2005,182054,7161,1823,35,213814,5368,143437,5846,GA,AMP
1249,01/05/2005,188643,6841,1888,35,207527,3851,138969,4252,GA,AMP
1250,01/06/2005,176170,6363,1789,33,206427,3681,137451,4064,GA,AMP
1251,01/07/2005,180469,6911,1789,36,218016,5317,154918,5870,GA,AMP
1252,01/08/2005,182321,6773,1843,35,211943,5153,151402,5689,GA,AMP
1253,01/09/2005,166190,6002,1718,30,174433,2673,110341,2951,GA,AMP
1254,01/10/2005,167530,6188,1733,30,176967,3698,111972,4083,GA,AMP
1255,01/11/2005,153177,6443,1584,30,177102,3843,109784,4243,GA,AMP
1256,01/12/2005,178601,4860,1689,31,185044,3120,131315,3366,GA,AMP
1257,01/01/2006,172697,4546,1715,29,168551,3159,117379,3055,GA,AMP
1258,01/02/2006,159230,148,1560,1,163307,369,112802,50,GA,AMP
1259,01/03/2006,192857,1340,1875,9,206723,1425,143749,1193,GA,AMP
1260,01/04/2006,187940,1784,1814,12,202295,1599,138155,1622,GA,AMP
1261,01/05/2006,175567,4860,1801,31,186616,3447,122352,3620,GA,AMP
1262,01/06/2006,171045,4703,1741,30,197457,3289,132341,3490,GA,AMP
1263,01/07/2006,173773,4860,1679,31,194398,4000,143761,4281,GA,AMP
1264,01/08/2006,177548,4860,1809,31,186694,3901,138074,4134,GA,AMP
1265,01/09/2006,151728,4381,1621,28,147231,2170,96478,2396,GA,AMP
1266,01/10/2006,155291,4859,1744,31,163837,2890,108704,3191,GA,AMP
1267,01/11/2006,146379,4546,1665,29,171567,3249,112219,3587,GA,AMP
1268,01/12/2006,160877,4677,1688,30,179134,3563,128033,3783,GA,AMP
1269,01/01/2007,162866,4860,1791,31,147476,2876,101266,3175,GA,AMP
1270,01/02/2007,141354,4684,1546,30,136430,3070,93320,3389,GA,AMP
1271,01/03/2007,156950,5443,1749,35,170923,4374,116533,4675,GA,AMP
1272,01/04/2007,152113,7889,1716,57,170255,5309,113864,5322,GA,AMP
1273,01/05/2007,143991,7514,1692,56,158615,4510,101569,4342,GA,AMP
1274,01/06/2007,135379,7859,1608,58,168310,5078,106790,4939,GA,AMP
1275,01/07/2007,138077,8453,1616,62,167561,5506,115889,5414,GA,AMP
1276,01/08/2007,144250,8329,1715,61,167713,6445,118313,6309,GA,AMP
1277,01/09/2007,137322,3170,1616,21,132433,1599,84944,1719,GA,AMP
1278,01/10/2007,144270,3292,1699,21,156972,1982,103568,2188,GA,AMP
1279,01/11/2007,141435,3919,1615,25,154181,2429,104536,2682,GA,AMP
1280,01/12/2007,147638,4076,1548,26,148703,2582,110771,2814,GA,AMP
1281,01/01/2008,156459,3605,1717,23,134146,2041,96685,2253,GA,AMP
1282,01/02/2008,151067,4528,1642,29,137834,3127,100274,3452,GA,AMP
1283,01/03/2008,164797,5599,1786,36,161506,4081,119420,4505,GA,AMP
1284,01/04/2008,153910,3761,1726,24,158869,2605,112114,2876,GA,AMP
1285,01/05/2008,150452,3606,1695,23,151558,2496,104875,2756,GA,AMP
1286,01/06/2008,126492,4076,1532,26,144439,3045,95591,3289,GA,AMP
1287,01/07/2008,126984,4860,1549,31,153067,4865,106761,4340,GA,AMP
1288,01/08/2008,130687,3135,1560,20,148763,3341,105312,2823,GA,AMP
1289,01/09/2008,120655,592,1501,4,120775,419,76904,269,GA,AMP
1290,01/10/2008,133895,601,1585,4,146102,503,98056,317,GA,AMP
1291,01/11/2008,138994,4233,1530,27,143946,2275,99827,2429,GA,AMP
1292,01/12/2008,160906,4703,1617,30,167416,3231,127396,3457,GA,AMP
1293,01/01/2009,159193,3292,1505,21,122378,1401,95743,1472,GA,AMP
1294,01/02/2009,146280,3135,1402,20,121495,1845,95651,1962,GA,AMP
1295,01/03/2009,155020,4076,1404,26,133136,2977,107033,3208,GA,AMP
1296,01/04/2009,132945,3762,1212,24,129448,2936,100232,3207,GA,AMP
1297,01/05/2009,130866,3606,1200,23,124944,2422,95159,2626,GA,AMP
1298,01/06/2009,111241,157,1063,1,115630,128,85130,81,GA,AMP
1299,01/07/2009,105789,,1039,,125505,82,92743,,GA,AMP
1300,01/08/2009,108996,,1063,,122004,94,92254,,GA,AMP
1301,01/09/2009,100234,,971,,98399,,70712,,GA,AMP
1302,01/10/2009,103726,,1013,,110269,,80033,,GA,AMP
1303,01/11/2009,101511,,980,,105272,67,76177,,GA,AMP
1304,01/12/2009,107662,,986,,114508,133,88420,,GA,AMP
1305,01/01/2010,212260,2875,1915,21,159529,1544,131311,1446,GA,AMP
1306,01/02/2010,186501,3559,1649,26,154153,1821,129695,1978,GA,AMP
1307,01/03/2010,232471,4518,2100,33,221762,2842,185231,3138,GA,AMP
1308,01/04/2010,226192,3286,2061,24,214803,2156,173290,2301,GA,AMP
1309,01/05/2010,228457,3175,2061,23,219629,1802,176924,1855,GA,AMP
1310,01/06/2010,226481,3559,2073,26,228704,3102,182792,2717,GA,AMP
1311,01/07/2010,227835,4107,2071,30,243908,4655,199643,3462,GA,AMP
1312,01/08/2010,235406,2190,2141,16,246203,2893,201102,1887,GA,AMP
1313,01/09/2010,213099,,1924,,196240,647,154576,,GA,AMP
1314,01/10/2010,227753,,2042,,223314,581,178828,,GA,AMP
1315,01/11/2010,210602,,1905,,204776,473,161996,,GA,AMP
1316,01/12/2010,210660,628,1872,2,208729,727,169860,575,GA,AMP
1317,01/01/2011,210241,1749,1867,5,164663,481,134400,667,GA,AMP
1318,01/02/2011,206231,1347,1829,4,171337,593,140915,931,GA,AMP
1319,01/03/2011,247399,1161,2213,4,221370,663,181379,828,GA,AMP
1320,01/04/2011,222703,1161,1984,4,212879,796,171767,810,GA,AMP
1321,01/05/2011,238875,,2111,,222806,940,178830,,GA,AMP
1322,01/06/2011,226304,,2041,,220584,1301,175761,,GA,AMP
1323,01/07/2011,228508,,2057,,234663,1950,191581,,GA,AMP
1324,01/08/2011,217266,,1966,,228657,1691,186490,,GA,AMP
1325,01/09/2011,204919,,1833,,185633,1107,147087,,GA,AMP
1326,01/10/2011,209973,,1886,,203270,1084,163355,,GA,AMP
1327,01/11/2011,203578,,1820,,200243,456,160333,,GA,AMP
1328,01/12/2011,226518,871,1966,3,216783,617,180452,622,GA,AMP
1329,01/01/2012,210310,1161,1870,4,168465,1272,137541,865,GA,AMP
1330,01/02/2012,206770,1228,1832,4,172684,1344,141538,1031,GA,AMP
1331,01/03/2012,245416,6321,2140,35,230905,4748,194004,4871,GA,AMP
1332,01/04/2012,261738,6071,2209,34,244907,4742,205797,4459,GA,AMP
1333,01/05/2012,267908,5074,2241,31,246876,4438,204892,3621,GA,AMP
1334,01/06/2012,263740,4770,2050,29,238731,4229,204049,3560,GA,AMP
1335,01/07/2012,274290,4770,2028,29,263223,5400,235428,3961,GA,AMP
1336,01/08/2012,300857,5099,2256,31,292656,5872,258655,4642,GA,AMP
1337,01/09/2012,277710,4775,2127,29,215298,3948,186959,2279,GA,AMP
1338,01/10/2012,272495,3756,2082,27,241093,3694,213896,2581,GA,AMP
1339,01/11/2012,262653,4518,1986,30,219258,3069,195379,2913,GA,AMP
1340,01/12/2012,287804,5833,2140,33,257717,3859,233344,3854,GA,AMP
1341,01/01/2013,247406,5394,1869,32,199542,3376,179086,2714,GA,AMP
1342,01/02/2013,231738,5030,1723,29,189451,4056,173039,3541,GA,AMP
1343,01/03/2013,292191,5098,2102,31,271052,5063,251457,4223,GA,AMP
1344,01/04/2013,277808,7776,2027,53,234109,5973,212624,4858,GA,AMP
1345,01/05/2013,267985,8928,1961,62,237392,7561,213373,6170,GA,AMP
1346,01/06/2013,260201,8640,1933,60,235557,7876,211224,6511,GA,AMP
1347,01/07/2013,259923,10080,1942,66,253062,8892,228902,7886,GA,AMP
1348,01/08/2013,269549,10399,2024,67,258977,10182,233882,8926,GA,AMP
1349,01/09/2013,212384,7167,1685,60,173319,6088,154564,4539,GA,AMP
1350,01/10/2013,231179,7328,1823,62,204353,6087,184223,4528,GA,AMP
1351,01/11/2013,226201,6952,1805,59,193083,5498,173841,4791,GA,AMP
1352,01/12/2013,259582,7955,1975,64,246747,6680,228759,6149,GA,AMP
1353,01/01/2014,224451,8031,1715,63,189508,5658,175313,5118,GA,AMP
1354,01/02/2014,213648,7302,1610,55,180324,5260,167026,5141,GA,AMP
1355,01/03/2014,299750,8896,2165,67,248486,6199,231510,6290,GA,AMP
1356,01/04/2014,280366,8473,2060,64,243332,6783,223691,6609,GA,AMP
1357,01/05/2014,264004,1801,1979,7,235785,1187,212845,1510,GA,AMP
1358,01/06/2014,251928,1255,1899,4,225207,690,205422,982,GA,AMP
1359,01/07/2014,255534,1255,1928,4,248572,1303,228271,1014,GA,AMP
1360,01/08/2014,256614,1569,1937,5,243273,1407,222620,1282,GA,AMP
1361,01/09/2014,201005,,1631,,179032,358,158387,,GA,AMP
1362,01/10/2014,224700,,1822,,205606,625,184502,,GA,AMP
1363,01/11/2014,240563,,2152,,220186,656,184442,,GA,AMP
1364,01/12/2014,280332,588,2327,2,267008,623,237603,506,GA,AMP
1365,01/01/2015,234100,1549,2082,5,191774,1158,163836,1196,GA,AMP
1366,01/02/2015,230458,1196,1974,4,208011,1046,179847,941,GA,AMP
1367,01/03/2015,294509,1255,2498,4,276028,1226,239124,1006,GA,AMP
1368,01/04/2015,269501,1196,2328,4,258410,1086,216629,1033,GA,AMP
1369,01/05/2015,260696,1471,2271,5,250744,947,203791,904,GA,AMP
1370,01/06/2015,258202,1177,2283,4,259231,885,211585,853,GA,AMP
1371,01/07/2015,253471,1839,2066,8,256268,1641,223111,1278,GA,AMP
1372,01/08/2015,257911,2005,2116,9,254038,2374,222386,1607,GA,AMP
1373,01/09/2015,207266,,1930,,194989,862,161870,,GA,AMP
1374,01/10/2015,224087,,2058,,227097,845,189495,,GA,AMP
1375,01/11/2015,229938,,1986,,225374,375,189467,,GA,AMP
1376,01/12/2015,292368,917,2383,4,278627,803,252378,811,GA,AMP
1377,01/01/2016,250400,1248,2196,6,214548,1215,183893,799,GA,AMP
1378,01/02/2016,253111,662,2142,4,210775,1120,181767,491,GA,AMP
1379,01/03/2016,304107,662,2382,4,274336,1248,245865,615,GA,AMP
1380,01/04/2016,264557,166,2094,1,245940,908,215276,117,GA,AMP
1381,01/05/2016,262199,,2087,,243091,605,208763,,GA,AMP
1382,01/06/2016,258147,,2088,,245129,283,211338,,GA,AMP
1383,01/07/2016,254289,,2043,,252406,676,222009,,GA,AMP
1384,01/08/2016,251144,,2071,,246238,843,215551,,GA,AMP
1385,01/09/2016,211852,,1932,,204089,731,170379,,GA,AMP
1386,01/10/2016,214324,,1914,,219462,562,183846,,GA,AMP
1387,01/11/2016,225309,,1889,,230459,797,194477,,GA,AMP
1388,01/12/2016,272808,493,2151,3,268640,1137,240937,304,GA,AMP
1389,01/01/2017,236134,,1921,,209007,,181017,,GA,AMP
1390,01/02/2017,218361,,1737,,192738,,169272,,GA,AMP
1391,01/03/2017,290645,,2214,,269322,,238857,,GA,AMP
1392,01/10/2002,90955,,603,,59664,146,60397,,AA,AMP
1393,01/11/2002,82132,,588,,57058,733,54671,,AA,AMP
1394,01/12/2002,83652,,588,,63031,693,64113,,AA,AMP
1395,01/01/2003,85257,,618,,52720,584,54008,,AA,AMP
1396,01/02/2003,72540,,523,,49791,489,50934,,AA,AMP
1397,01/03/2003,83133,,613,,57639,520,57977,,AA,AMP
1398,01/04/2003,78991,,574,,58518,572,57970,,AA,AMP
1399,01/05/2003,85229,,632,,66375,591,65680,,AA,AMP
1400,01/06/2003,84607,,612,,66469,552,66515,,AA,AMP
1401,01/07/2003,85866,,594,,67130,739,69365,,AA,AMP
1402,01/08/2003,83673,,575,,67939,546,69780,,AA,AMP
1403,01/09/2003,78828,,579,,57618,437,57474,,AA,AMP
1404,01/10/2003,83645,,626,,64210,481,63798,,AA,AMP
1405,01/11/2003,80742,,586,,61576,498,60682,,AA,AMP
1406,01/12/2003,80635,,581,,63898,503,65318,,AA,AMP
1407,01/01/2004,80263,,594,,49655,325,51872,,AA,AMP
1408,01/02/2004,78924,,590,,52995,377,54755,,AA,AMP
1409,01/03/2004,85372,,628,,60360,406,62080,,AA,AMP
1410,01/04/2004,80404,,617,,63195,549,61402,,AA,AMP
1411,01/05/2004,84049,,609,,66194,288,65771,,AA,AMP
1412,01/06/2004,82631,,593,,68883,495,69296,,AA,AMP
1413,01/07/2004,84533,,606,,69470,542,71088,,AA,AMP
1414,01/08/2004,85482,,622,,76094,705,75862,,AA,AMP
1415,01/09/2004,82839,,591,,65609,821,64689,,AA,AMP
1416,01/10/2004,87205,,605,,67412,619,65532,,AA,AMP
1417,01/11/2004,81426,,582,,62813,430,61424,,AA,AMP
1418,01/12/2004,81072,,579,,64529,382,65218,,AA,AMP
1419,01/01/2005,76914,,544,,51348,442,53404,,AA,AMP
1420,01/02/2005,75369,,537,,53881,559,54822,,AA,AMP
1421,01/03/2005,84137,,602,,61809,627,64025,,AA,AMP
1422,01/04/2005,82448,,590,,68197,680,66387,,AA,AMP
1423,01/05/2005,83504,,596,,69949,402,69547,,AA,AMP
1424,01/06/2005,82592,,614,,73020,262,73212,,AA,AMP
1425,01/07/2005,82467,,612,,70625,241,72202,,AA,AMP
1426,01/08/2005,86827,,659,,74360,363,74397,,AA,AMP
1427,01/09/2005,85560,,629,,68280,438,66765,,AA,AMP
1428,01/10/2005,88016,,638,,71674,485,70812,,AA,AMP
1429,01/11/2005,82690,,590,,70069,299,68837,,AA,AMP
1430,01/12/2005,82018,,580,,67563,324,68862,,AA,AMP
1431,01/01/2006,80734,,566,,61431,326,63352,,AA,AMP
1432,01/02/2006,73124,,511,,56759,639,57728,,AA,AMP
1433,01/03/2006,84506,,588,,69605,676,71017,,AA,AMP
1434,01/04/2006,83667,,578,,72041,636,72425,,AA,AMP
1435,01/05/2006,99300,,648,,80079,377,84973,,AA,AMP
1436,01/06/2006,100579,,638,,85146,315,89599,,AA,AMP
1437,01/07/2006,101446,,630,,84142,411,90395,,AA,AMP
1438,01/08/2006,106387,,671,,84302,539,89848,,AA,AMP
1439,01/09/2006,95889,,615,,69189,434,72775,,AA,AMP
1440,01/10/2006,101083,,652,,77455,419,82215,,AA,AMP
1441,01/11/2006,102948,,684,,80585,531,79554,,AA,AMP
1442,01/12/2006,96963,,668,,74357,296,73855,,AA,AMP
1443,01/01/2007,101297,,691,,70276,286,70502,,AA,AMP
1444,01/02/2007,90464,,593,,64012,319,66056,,AA,AMP
1445,01/03/2007,100591,,653,,76975,345,80657,,AA,AMP
1446,01/04/2007,96127,,639,,77583,515,79668,,AA,AMP
1447,01/05/2007,96668,,670,,81971,456,81891,,AA,AMP
1448,01/06/2007,94906,,608,,81119,340,85557,,AA,AMP
1449,01/07/2007,95373,,614,,78320,557,85066,,AA,AMP
1450,01/08/2007,96473,,625,,79626,813,84990,,AA,AMP
1451,01/09/2007,91228,,601,,59342,614,63798,,AA,AMP
1452,01/10/2007,94685,,635,,67474,725,72270,,AA,AMP
1453,01/11/2007,87929,,585,,65653,381,67111,,AA,AMP
1454,01/12/2007,82984,,533,,61627,358,66756,,AA,AMP
1455,01/01/2008,83781,,564,,54207,483,58483,,AA,AMP
1456,01/02/2008,77172,,519,,54297,423,58249,,AA,AMP
1457,01/03/2008,94089,,609,,68625,457,74578,,AA,AMP
1458,01/04/2008,97379,,607,,70129,397,73348,,AA,AMP
1459,01/05/2008,96864,,610,,73174,476,75971,,AA,AMP
1460,01/06/2008,96293,,600,,77971,379,84446,,AA,AMP
1461,01/07/2008,98483,,616,,79722,391,87045,,AA,AMP
1462,01/08/2008,95410,,618,,81713,438,86520,,AA,AMP
1463,01/09/2008,71493,,558,,59541,438,59056,,AA,AMP
1464,01/10/2008,72361,,572,,59380,529,58107,,AA,AMP
1465,01/11/2008,70801,,529,,53677,409,52746,,AA,AMP
1466,01/12/2008,70359,,518,,56973,343,56776,,AA,AMP
1467,01/01/2009,65087,,510,,45315,232,46568,,AA,AMP
1468,01/02/2009,66047,,494,,42868,349,44989,,AA,AMP
1469,01/03/2009,74486,,544,,51774,474,54379,,AA,AMP
1470,01/04/2009,67391,,512,,53069,617,52672,,AA,AMP
1471,01/05/2009,67833,,509,,54091,375,54136,,AA,AMP
1472,01/06/2009,77820,,531,,61950,207,64794,,AA,AMP
1473,01/07/2009,81415,,546,,68609,286,70982,,AA,AMP
1474,01/08/2009,84368,,565,,74387,411,75393,,AA,AMP
1475,01/09/2009,72664,,539,,58298,350,57737,,AA,AMP
1476,01/10/2009,72807,,547,,63351,283,61915,,AA,AMP
1477,01/11/2009,63021,,465,,52780,97,51674,,AA,AMP
1478,01/12/2009,63155,,452,,53033,98,53472,,AA,AMP
1479,01/01/2010,55022,,382,,39605,51,43438,,AA,AMP
1480,01/02/2010,46305,,312,,34126,107,37998,,AA,AMP
1481,01/03/2010,57463,,391,,44065,107,48758,,AA,AMP
1482,01/04/2010,63804,,459,,52333,79,53558,,AA,AMP
1483,01/05/2010,64972,,469,,57740,100,57743,,AA,AMP
1484,01/06/2010,70598,,502,,65221,119,64981,,AA,AMP
1485,01/07/2010,73247,,523,,65252,230,65905,,AA,AMP
1486,01/08/2010,75654,,547,,67716,330,67657,,AA,AMP
1487,01/09/2010,74069,,567,,64006,196,62921,,AA,AMP
1488,01/10/2010,76481,,580,,68051,192,66292,,AA,AMP
1489,01/11/2010,71815,,549,,62685,42,60966,,AA,AMP
1490,01/12/2010,69685,,516,,61404,,60485,,AA,AMP
1491,01/01/2011,67837,,507,,50598,,51991,,AA,AMP
1492,01/02/2011,59939,,452,,46568,,47578,,AA,AMP
1493,01/03/2011,72124,,557,,57387,,57817,,AA,AMP
1494,01/04/2011,66908,,516,,59986,,58270,,AA,AMP
1495,01/05/2011,67997,,521,,62813,29,60755,,AA,AMP
1496,01/06/2011,71695,,545,,67351,30,64733,,AA,AMP
1497,01/07/2011,71251,,538,,66023,89,63934,,AA,AMP
1498,01/08/2011,68689,,521,,65657,123,63267,,AA,AMP
1499,01/09/2011,68506,,523,,58761,,56814,,AA,AMP
1500,01/10/2011,68714,,523,,60699,,57571,,AA,AMP
1501,01/11/2011,65296,,493,,58711,0,56166,,AA,AMP
1502,01/12/2011,66340,,456,,57433,4,57917,,AA,AMP
1503,01/01/2012,114471,,713,,75653,,86505,,AA,AMP
1504,01/02/2012,110711,616,702,2,71209,283,81029,537,AA,AMP
1505,01/03/2012,117842,243,748,1,81870,94,92057,155,AA,AMP
1506,01/04/2012,112251,,685,,82737,109,94076,,AA,AMP
1507,01/05/2012,111443,,688,,84401,75,95113,,AA,AMP
1508,01/06/2012,120112,,695,,90180,95,104774,,AA,AMP
1509,01/07/2012,118017,1137,695,4,87524,607,104467,1102,AA,AMP
1510,01/08/2012,122302,1208,737,4,92311,784,108221,1002,AA,AMP
1511,01/09/2012,122312,,732,,78383,34,89592,,AA,AMP
1512,01/10/2012,109491,,648,,75656,25,87613,,AA,AMP
1513,01/11/2012,111855,,627,,67818,25,79708,,AA,AMP
1514,01/12/2012,108658,,585,,71575,39,89580,,AA,AMP
1515,01/01/2013,107309,302,590,1,62775,110,79795,141,AA,AMP
1516,01/02/2013,97435,553,537,2,57927,209,72326,377,AA,AMP
1517,01/03/2013,122228,,669,,80485,57,98769,,AA,AMP
1518,01/04/2013,115491,,630,,74142,36,89966,,AA,AMP
1519,01/05/2013,115659,,689,,82740,5,96658,,AA,AMP
1520,01/06/2013,115673,,656,,85538,0,103226,,AA,AMP
1521,01/07/2013,110214,1208,626,4,81561,580,99750,1131,AA,AMP
1522,01/08/2013,118125,1208,674,4,88435,600,106440,1057,AA,AMP
1523,01/09/2013,116699,,712,,79893,34,92644,,AA,AMP
1524,01/10/2013,120695,,769,,85333,3,97118,,AA,AMP
1525,01/11/2013,113694,,697,,76185,137,86832,,AA,AMP
1526,01/12/2013,105838,,599,,76511,55,94183,,AA,AMP
1527,01/01/2014,98744,,535,,58788,144,74393,,AA,AMP
1528,01/02/2014,91886,604,492,2,57941,406,72168,557,AA,AMP
1529,01/03/2014,108479,302,606,1,71406,169,88122,108,AA,AMP
1530,01/04/2014,108098,,596,,75974,63,92715,,AA,AMP
1531,01/05/2014,118454,,687,,91517,60,106282,,AA,AMP
1532,01/06/2014,110955,,653,,84507,62,101321,,AA,AMP
1533,01/07/2014,111943,,645,,86387,193,105623,,AA,AMP
1534,01/08/2014,116796,,675,,90037,308,108579,,AA,AMP
1535,01/09/2014,113493,,657,,80579,42,94373,,AA,AMP
1536,01/10/2014,118052,,715,,83469,38,95118,,AA,AMP
1537,01/11/2014,111856,,708,,77493,55,86896,,AA,AMP
1538,01/12/2014,113384,,702,,83866,63,96379,,AA,AMP
1539,01/01/2015,106657,,667,,67297,25,78318,,AA,AMP
1540,01/02/2015,101365,,634,,67988,66,78838,,AA,AMP
1541,01/03/2015,119489,,742,,86362,103,99247,,AA,AMP
1542,01/04/2015,122493,,748,,89613,61,101538,,AA,AMP
1543,01/05/2015,125553,,756,,98119,8,110316,,AA,AMP
1544,01/06/2015,123689,,733,,97848,23,111642,,AA,AMP
1545,01/07/2015,128080,,777,,103762,272,120528,,AA,AMP
1546,01/08/2015,125625,,762,,102660,139,117260,,AA,AMP
1547,01/09/2015,114395,,706,,90069,0,99334,,AA,AMP
1548,01/10/2015,125057,,779,,99121,2,109517,,AA,AMP
1549,01/11/2015,111775,,689,,87441,42,97071,,AA,AMP
1550,01/12/2015,111129,,665,,86711,37,100572,,AA,AMP
1551,01/01/2016,99660,,580,,70097,1,83203,,AA,AMP
1552,01/02/2016,103968,,607,,69721,5,82261,,AA,AMP
1553,01/03/2016,117374,,664,,83817,,100034,,AA,AMP
1554,01/04/2016,113152,,652,,84652,,97870,,AA,AMP
1555,01/05/2016,120483,,697,,92428,,106483,,AA,AMP
1556,01/06/2016,116185,,666,,93256,1,109507,,AA,AMP
1557,01/07/2016,113481,,639,,90603,35,108658,,AA,AMP
1558,01/08/2016,127642,,754,,104002,22,119929,,AA,AMP
1559,01/09/2016,124154,,757,,98787,,109370,,AA,AMP
1560,01/10/2016,126252,,782,,101496,,111922,,AA,AMP
1561,01/11/2016,117835,,731,,93419,,103607,,AA,AMP
1562,01/12/2016,117005,,686,,90885,,106263,,AA,AMP
1563,01/01/2017,106572,,611,,72056,,85739,,AA,AMP
1564,01/02/2017,98106,,554,,65146,,78047,,AA,AMP
1565,01/03/2017,116045,,646,,81154,,96953,,AA,AMP
